date,open,high,low,close,volume,turn
2016-01-04,201.8908742,201.8908742,194.4727737,194.5005568,1734969,0.138112724
2016-01-05,194.4820347,198.1586713,192.1760335,197.0936506,3190891,0.254011828
2016-01-06,197.0566064,197.8715788,193.8337613,196.5009435,2376090,0.189149352
2016-01-07,193.5466688,193.5466688,185.2487686,187.2861995,814868,0.06486781
2016-01-08,189.082843,192.6298249,185.2209855,189.5088513,4451009,0.354323897
2016-01-11,188.147477,188.7309231,184.6653225,185.0913308,2970258,0.236448273
2016-01-12,186.2397009,187.1658058,181.5165658,182.2481886,4028723,0.320707694
2016-01-13,184.387491,190.777615,183.9244386,185.0172424,2920198,0.232463232
2016-01-14,182.5445422,190.7590929,181.0627743,189.6848112,3477606,0.276835861
2016-01-15,189.6199839,190.9443139,183.3687756,184.2948805,2668119,0.212396408
2016-01-18,183.3687756,187.4436373,182.6278917,184.6931057,2737123,0.217889492
2016-01-19,186.1470904,194.7876494,185.2302465,194.7042999,5911022,0.470548667
2016-01-20,191.70372,194.6302115,186.1563514,187.3695489,4096866,0.326132238
2016-01-21,186.3878777,189.4718071,185.128375,185.4617727,2183229,0.173796595
2016-01-22,188.1011718,188.3697422,184.1189206,187.758513,2273348,0.180970545
2016-01-25,187.9993002,188.4530917,186.6101429,187.7862961,1375045,0.109460867
2016-01-26,186.1378293,189.3606745,183.8318281,184.3041416,2228092,0.177367927
2016-01-27,185.2024634,186.0452189,181.2387343,185.1561581,2984041,0.237545473
2016-01-28,184.9894592,184.9894592,181.1646459,182.1092729,1790300,0.142517365
2016-01-29,182.887201,187.5362478,182.4426707,185.8229537,2309024,0.183810543
2016-02-01,187.1658058,187.8140793,185.1191139,186.4156608,1917802,0.152667199
2016-02-02,187.0731953,189.6662891,185.8136926,189.4347629,1784208,0.142032409
2016-02-03,187.6103362,189.4440239,186.6101429,188.6105295,1515699,0.12065767
2016-02-04,189.6662891,190.6664824,188.4993969,189.8422491,1662475,0.132341818
2016-02-05,189.8422491,190.018209,187.5640309,188.8050115,1422767,0.113259791
2016-02-15,185.2209855,187.9993002,184.8505435,185.6006885,1947018,0.154992948
2016-02-16,185.7396042,192.6298249,185.7396042,188.8513168,1922316,0.153026538
2016-02-17,188.6846179,189.7774217,185.693299,187.3510268,2034911,0.161989696
2016-02-18,188.1845212,188.5549632,186.2397009,186.8046249,1889256,0.150394787
2016-02-19,186.7212754,188.1659991,186.267484,188.1011718,1423846,0.113345685
2016-02-22,190.777615,192.9261785,190.777615,192.4446039,2775986,0.220983192
2016-02-23,192.4168208,199.0940373,191.7222421,196.7139476,3746089,0.298208531
2016-02-24,196.5194656,201.9186573,195.4174007,201.6500869,3312902,0.26372455
2016-02-25,202.6317581,204.1876144,196.4546382,196.7139476,3948065,0.31428689
2016-02-26,197.35296,203.0485053,195.6489269,200.8165924,2833271,0.225543382
2016-02-29,202.807718,204.5580563,191.518499,199.0292099,4771246,0.379816459
2016-03-01,200.0016201,204.0209155,194.8524767,202.2798382,3400459,0.270694551
2016-03-02,202.8169791,208.8366611,202.5113645,207.6512468,4794266,0.381648973
2016-03-03,208.3736086,214.837821,205.2804182,210.9759635,4019328,0.319959803
2016-03-04,210.1146859,222.4133593,208.3828697,221.1353345,8583869,0.683321448
2016-03-07,220.5148442,222.2651826,213.9765435,216.3751552,3934555,0.313211423
2016-03-08,216.0602795,216.0602795,210.2258185,212.2725104,2614722,0.208145724
2016-03-09,210.2258185,215.4583113,209.3923241,210.6333047,1640260,0.130573386
2016-03-10,212.0687673,216.4307215,211.1519234,211.2074897,2572746,0.204804212
2016-03-11,209.7998102,214.7452105,208.8366611,211.1982287,1632008,0.129916483
2016-03-14,213.707973,216.2455005,205.7805149,207.9753835,4527783,0.360435514
2016-03-15,208.1883877,217.0697339,207.7623794,214.7822547,3635633,0.289415648
2016-03-16,213.2078764,215.3193956,208.3736086,211.7168474,2425097,0.193050569
2016-03-17,213.0041333,216.8011635,211.4297549,212.5966471,2882095,0.229430031
2016-03-18,214.8563431,215.0971304,209.0959705,209.2997136,7056894,0.561766149
2016-03-21,209.9109428,214.8748652,209.9016818,214.837821,3854745,0.306858124
2016-03-22,215.0971304,220.5796716,214.3932907,217.1623444,4176661,0.332484343
2016-03-23,217.8198789,219.4868678,215.4860945,217.6068748,2141206,0.170451341
2016-03-24,217.6346579,227.2661492,214.2080697,224.7286217,6206802,0.494094322
2016-03-25,224.5804449,231.3317498,223.2098096,226.8771851,4475616,0.356282745
2016-03-28,226.8771851,234.6564665,226.8771851,231.1372678,4833765,0.384793302
2016-03-29,231.1557899,232.4523368,226.3770884,229.7758935,3668805,0.292056315
2016-03-30,230.6001269,231.8966738,227.3402376,230.2852512,2778260,0.221164215
2016-03-31,231.378055,231.8040633,228.738656,229.3406242,1945734,0.154890735
2016-04-01,230.5538217,231.9800232,226.4696989,226.9790566,2514607,0.200176039
2016-04-05,225.0434973,229.2109695,225.0434973,227.3772818,2504785,0.199394156
2016-04-06,227.6365911,238.5646293,227.6365911,238.2034484,4842492,0.385488018
2016-04-07,237.9070948,238.4534967,233.9526267,235.3325231,2553639,0.203283193
2016-04-08,233.3784417,236.9809899,229.859243,231.3965771,2315602,0.184334187
2016-04-11,231.9892843,236.3234554,225.5065498,225.7102929,11928468,0.949569248
2016-04-12,225.6917708,226.8957072,224.2100029,226.8216188,2333909,0.185791521
2016-04-13,227.2661492,230.2574681,223.8395609,224.3396576,5427425,0.432051784
2016-04-14,224.4693123,226.7382694,223.1912875,224.8212322,2866437,0.228183571
2016-04-15,224.7100996,226.8771851,223.3765085,226.8030967,1902926,0.151482991
2016-04-18,224.8582764,227.8218121,224.5804449,225.6732487,1859304,0.148010449
2016-04-19,226.5160042,227.0716671,223.6080347,225.2101962,1423668,0.113331515
2016-04-20,225.2194573,226.3400442,218.3755419,220.8204589,3370850,0.268337518
2016-04-21,222.728235,224.3952239,220.6908042,222.6078414,2967222,0.236206591
2016-04-22,223.1912875,229.5628894,222.6078414,229.118359,3545938,0.282275451
2016-04-25,228.8590496,229.7666325,225.3213288,226.4511768,2499028,0.198935868
2016-04-26,226.8494019,228.6367845,225.0434973,225.8399476,1515668,0.120655203
2016-04-27,226.4326547,227.3402376,225.4972888,226.7845746,1391510,0.110771568
2016-04-28,227.6643743,228.5071298,225.9696023,228.2292983,1715655,0.136575227
2016-04-29,229.109098,233.7766668,229.109098,232.6375577,4607949,0.366817153
2016-05-03,232.0355895,242.8988003,232.0355895,240.7872811,5647486,0.449569805
2016-05-04,240.7872811,243.0006719,237.0736003,237.2773434,2863626,0.227959801
2016-05-05,237.5459139,239.073987,236.6198089,238.7220671,1351789,0.107609566
2016-05-06,238.2960588,239.4166458,232.5634693,233.5821848,2717369,0.216316969
2016-05-09,231.6466255,234.1193256,230.609388,232.2856379,2779918,0.2212962
2016-05-10,231.0631794,235.2306515,230.7019984,233.4525301,3350589,0.266724635
2016-05-11,233.7025784,241.2318115,233.7025784,237.8885727,4927713,0.392272061
2016-05-12,235.2491736,237.6014802,233.3784417,237.0458172,1889411,0.150407125
2016-05-13,237.0643393,239.7685657,231.9892843,232.4152926,2814561,0.224053967
2016-05-16,232.3226821,233.1932207,229.0257485,233.0357829,2220273,0.176745493
2016-05-17,232.4615978,233.7488837,231.368794,231.554015,1178569,0.093820336
2016-05-18,230.6742153,233.2395259,225.1361078,226.3770884,2838034,0.225922542
2016-05-19,227.043884,230.1370744,226.4326547,227.608808,2088943,0.16629093
2016-05-20,228.5997403,233.5451406,226.2659558,232.693124,2550157,0.203006007
2016-05-23,231.2669225,236.1474954,231.2669225,235.4158725,1870618,0.148911103
2016-05-24,235.6103546,236.3512385,231.6188423,233.3228754,1167440,0.092934409
2016-05-25,235.6751819,236.1011902,232.4615978,233.248787,1778534,0.141580729
2016-05-26,233.3691806,235.0454306,230.7853479,234.0359762,1812026,0.144246869
2016-05-27,234.0452372,235.8696639,232.8042566,233.7859279,1323044,0.105321312
2016-05-30,232.9153892,237.5459139,231.5262318,237.203255,2980692,0.237278874
2016-05-31,237.0828614,246.9180957,236.3419775,244.9269701,5394965,0.429467796
2016-06-01,245.7882477,245.8808582,243.5655959,244.2972188,2187669,0.174150042
2016-06-02,243.5748569,248.8258719,243.5748569,247.9553332,2476076,0.197108767
2016-06-03,247.2700156,265.5513269,246.7143526,262.9119278,6479813,0.515827444
2016-06-06,261.1615895,262.0876944,254.678855,255.6512652,3726166,0.296622554
2016-06-07,256.0680124,257.9109612,254.6881161,257.3182541,1875353,0.149288034
2016-06-08,255.9754019,257.3275151,253.2896976,254.0120595,2388209,0.190114089
2016-06-13,253.1507819,256.2161892,246.5754369,247.3255819,3777506,0.30070949
2016-06-14,247.9275501,253.5675291,247.9275501,252.5951189,2558729,0.203688384
2016-06-15,250.7058649,257.2719488,250.2428124,256.0587514,2732201,0.217497674
2016-06-16,254.5492003,257.2719488,253.549007,253.7712722,1964357,0.156373224
2016-06-17,253.3823081,261.6153809,253.3823081,257.6979571,2470518,0.196666321
2016-06-20,259.0963755,259.179725,253.7527501,255.7068315,1901926,0.151403386
2016-06-21,256.5681091,257.4016035,252.8266452,253.5767902,1674933,0.13333354
2016-06-22,253.539746,258.7166725,252.613641,257.864656,2088448,0.166251525
2016-06-23,259.2815965,259.2815965,254.5677224,256.0124461,1398451,0.111324108
2016-06-24,254.9381644,256.5310649,247.4552366,253.539746,2012951,0.160241564
2016-06-27,254.678855,270.7004703,254.678855,266.4218655,6364269,0.506629529
2016-06-28,265.8106362,268.2555532,265.1623628,266.9127011,2428223,0.193299415
2016-06-29,266.3014719,268.0610712,263.1990203,266.884918,2814760,0.224069808
2016-06-30,268.588951,276.1644893,268.588951,270.3485504,3802240,0.302678448
2016-07-01,271.7204127,276.1481687,268.6928872,270.7459279,2601495,0.207092784
2016-07-04,271.5311924,279.4784468,270.5850907,278.0592942,2948864,0.234745197
2016-07-05,279.1283891,286.76343,279.1283891,284.3792537,4170773,0.332015627
2016-07-06,283.6412943,300.8603455,282.893874,300.0940032,4734770,0.376912776
2016-07-07,298.7789218,309.1860406,295.2594234,299.8290947,5072520,0.403799465
2016-07-08,296.6312709,298.4950913,289.6585012,293.2063827,4554563,0.362567344
2016-07-11,292.3738132,306.5369558,292.3738132,298.1544946,5748167,0.457584546
2016-07-12,298.7410777,308.9968203,298.0220404,307.2276101,5311945,0.422858964
2016-07-13,305.6192372,307.2276101,298.0693455,300.0940032,5344828,0.425476625
2016-07-14,299.0532913,303.5094304,298.2112607,299.999393,2923085,0.232693052
2016-07-15,300.027776,300.8887286,298.0788065,300.4062167,2681101,0.213429844
2016-07-18,300.3872947,302.2794981,298.6464675,299.1668235,2335289,0.185901376
2016-07-19,298.4950913,299.2519726,289.0813792,291.5033996,4143166,0.329817963
2016-07-20,291.9859115,294.1146403,290.9262775,291.9291454,1773384,0.141170761
2016-07-21,293.4334471,300.4819049,292.3454301,297.4354573,3300949,0.262773028
2016-07-22,296.0352268,298.2112607,290.8127453,291.3236403,2887145,0.229832038
2016-07-25,291.0208877,297.255698,290.4532267,294.48362,2362353,0.188055814
2016-07-26,292.3548911,302.2794981,291.8723793,301.8442913,3555567,0.28304197
2016-07-27,302.6106337,303.32021,291.6831589,297.0853997,3922806,0.31227614
2016-07-28,295.1837353,302.0902778,294.7106844,299.0154472,3964399,0.315587163
2016-07-29,298.0977285,301.6929151,296.129837,296.2717522,2900737,0.230914033
2016-08-01,296.129837,297.0286336,288.5610232,290.4153826,3170185,0.252363521
2016-08-02,290.6897521,293.7645827,286.5269046,289.7058063,2654142,0.211283764
2016-08-03,290.4532267,291.3047182,287.7568368,290.2829284,2403907,0.191363733
2016-08-04,290.3113114,291.711542,287.8230639,289.7909555,2179364,0.17348892
2016-08-05,289.9707148,291.749386,288.5894063,289.4408978,2030848,0.16166626
2016-08-08,289.6490402,291.6831589,286.7255859,291.4939386,2200740,0.175190563
2016-08-09,291.5601657,300.548132,289.9044877,298.7316167,3928967,0.312766588
2016-08-10,298.0693455,299.441193,296.4420505,296.8961794,2094471,0.166730988
2016-08-11,297.4354573,304.2379287,297.0853997,299.6966404,3193972,0.254257092
2016-08-12,300.2926845,300.2926845,297.0853997,299.8858608,2335283,0.185900899
2016-08-15,298.7789218,304.3514609,297.2178539,301.5983049,3411013,0.271534706
2016-08-16,304.6447524,305.0988812,291.3993284,292.837403,8837869,0.703541194
2016-08-17,292.9130911,294.2092505,289.9801758,291.5507047,4375406,0.348305498
2016-08-18,291.3520233,292.9603962,288.6840165,289.9139487,3100599,0.246824107
2016-08-19,289.3179046,290.8789725,288.3718029,289.9612538,1914091,0.152371784
2016-08-22,289.6301182,292.8941691,289.507125,290.7559792,2081270,0.165680118
2016-08-23,290.7654402,292.3832742,289.3179046,290.3396945,1991426,0.15852806
2016-08-24,290.4721487,290.9168165,287.4540842,288.8259317,2277942,0.181336251
2016-08-25,288.7502436,288.9205419,283.8967418,286.6782808,2536258,0.201899573
2016-08-26,286.8012741,288.1352775,284.2089554,285.2023622,2143645,0.170645499
2016-08-29,291.3993284,292.1562098,288.7502436,290.9546606,3805557,0.302942498
2016-08-30,290.4532267,291.8723793,288.2488097,289.3746707,2117052,0.168528555
2016-08-31,290.1693962,294.0105691,289.0719182,293.4712912,4040144,0.321616866
2016-09-01,293.0077013,295.1837353,291.6358538,292.0710606,1718597,0.136809426
2016-09-02,291.3993284,292.7711759,288.447491,289.2989826,1857224,0.14784487
2016-09-05,289.6963453,292.3454301,289.3273656,291.8723793,1913870,0.152354191
2016-09-06,291.8723793,293.6321284,291.730464,293.2347657,2062583,0.164192534
2016-09-07,292.9887793,292.9887793,289.0340741,290.074786,2964515,0.235991099
2016-09-08,288.7597046,289.9801758,288.0028232,289.3368267,1670578,0.132986859
2016-09-09,290.1220911,290.3207724,287.6149215,288.2109656,1622251,0.129139774
2016-09-12,285.7227181,287.6149215,281.7207078,281.9950773,3823881,0.304401186
2016-09-13,283.7832096,284.7482333,283.1682435,284.2373384,1625588,0.129405417
2016-09-14,283.9251248,285.9119384,281.9477723,283.4236909,1852765,0.14748991
2016-09-19,283.8778198,285.3158944,283.7169825,283.9535079,1285210,0.102309525
2016-09-20,284.568474,284.587396,278.1539044,279.062162,3489260,0.277763581
2016-09-21,279.1567722,279.4689858,273.527467,278.2012095,3903723,0.310757032
2016-09-22,278.4377349,283.8115926,278.1633654,280.9732875,2960617,0.235680798
2016-09-23,281.0111316,282.8371079,279.4784468,281.6355587,1267190,0.100875037
2016-09-26,280.9922095,281.0016705,272.99765,273.1679483,3717608,0.295941292
2016-09-27,273.3098636,276.2427789,273.1963314,275.4764365,1791582,0.142619419
2016-09-28,276.0630196,276.0630196,272.0610093,272.8651958,2236001,0.177997526
2016-09-29,272.3353788,277.2078027,272.3353788,275.2966772,2370569,0.188709851
2016-09-30,274.3694975,283.480457,274.3694975,281.8531621,2960350,0.235659543
2016-10-10,282.4208231,287.4824673,282.4208231,286.6309757,2110362,0.167995996
2016-10-11,287.6149215,292.3454301,286.6688198,292.269742,4173675,0.332246641
2016-10-12,291.8723793,291.8723793,288.4664131,289.3368267,1928602,0.153526937
2016-10-13,290.2640063,290.3964606,287.1513317,287.5108503,1614398,0.128514634
2016-10-14,287.1134876,289.507125,286.8580402,289.1286843,1269092,0.101026447
2016-10-17,288.986769,289.0340741,285.2496672,286.1484639,1895703,0.150908002
2016-10-18,286.195769,291.8723793,285.7227181,290.604603,3038931,0.241915007
2016-10-19,291.8723793,292.1089047,288.6556334,289.9328707,1412328,0.112428791
2016-10-20,290.8222063,290.8222063,288.3718029,289.0151521,1407992,0.112083622
2016-10-21,288.6367114,289.0151521,286.2809181,287.7946809,1148332,0.091413311
2016-10-24,286.2903791,290.4532267,286.2903791,290.3869996,2624652,0.208936204
2016-10-25,290.8222063,296.129837,290.8222063,296.0730709,4376239,0.348371809
2016-10-26,296.129837,301.1536371,294.8525997,296.7731861,4681307,0.372656838
2016-10-27,296.120376,301.0684879,294.2470946,299.7912506,3295162,0.262312352
2016-10-28,300.3872947,301.2671693,297.0759387,299.9615489,2013733,0.160303815
2016-10-31,301.8064473,305.4016338,299.7250235,300.8130405,4359610,0.347048052
2016-11-01,300.8130405,301.8064473,298.5423963,299.6114913,1951239,0.155328962
2016-11-02,299.0532913,300.0656201,296.7731861,298.1923387,2063642,0.164276836
2016-11-03,298.0220404,299.4033489,297.2178539,298.8356879,1869081,0.14878875
2016-11-04,298.9586811,301.096871,297.0570167,297.8517421,2061927,0.164140313
2016-11-07,298.0220404,299.9142438,296.3190573,298.334254,1604780,0.12774899
2016-11-08,299.441193,304.8150507,298.6653896,302.752549,3419383,0.272201002
2016-11-09,302.752549,304.6163694,296.8867183,299.7344845,3000449,0.238851636
2016-11-10,301.9010574,303.6986507,300.6048981,301.9294405,1780496,0.141736914
2016-11-11,300.8508845,301.1441761,297.8328201,298.0977285,3590265,0.285804115
2016-11-14,298.5423963,298.8451489,293.2820708,294.2281725,3992049,0.31778825
2016-11-15,293.3199149,298.6370065,293.3199149,297.0853997,2447055,0.194798542
2016-11-16,296.8961794,298.4004811,295.1837353,296.2717522,1339981,0.106669587
2016-11-17,295.2594234,296.129837,293.7929657,294.2754776,1833776,0.145978285
2016-11-18,294.3890098,294.9945149,293.1779996,293.2915318,1937769,0.154256678
2016-11-21,294.2565556,294.8620607,291.749386,292.818481,2608384,0.207641185
2016-11-22,293.5753623,293.7172776,291.749386,292.2224369,2642427,0.210351188
2016-11-23,294.2376335,296.129837,292.4495013,296.0825319,3401504,0.270777739
2016-11-24,296.3190573,299.9142438,294.6349963,299.8480167,3907870,0.311087155
2016-11-25,299.9520879,300.8603455,296.5271997,299.8101726,2236967,0.178074424
2016-11-28,300.4345998,302.9228473,299.5358031,302.2794981,4925301,0.392080053
2016-11-29,303.4148202,312.6393119,302.194349,306.4991118,5883062,0.468322903
2016-11-30,303.9067931,305.8746846,301.2860913,301.8821354,2675237,0.212963038
2016-12-01,302.752549,307.0951559,301.5036947,303.7175727,2794182,0.22243169
2016-12-02,303.6986507,305.7800745,301.8064473,304.427149,3062833,0.243817733
2016-12-05,301.9956676,307.0478508,298.7978438,298.901915,4206081,0.334826331
2016-12-06,299.1857455,308.9778983,299.1857455,308.826522,3892309,0.309848417
2016-12-07,309.4887932,310.7944136,306.5085728,309.8010068,2527174,0.201176439
2016-12-08,310.3308237,321.6745833,309.375261,319.5080104,5447578,0.433656069
2016-12-09,319.0254985,321.1258443,316.016895,319.5553154,3449559,0.274603172
2016-12-12,319.4985493,321.6745833,308.1453288,309.2428067,5033244,0.400672888
2016-12-13,309.2238847,316.9440747,307.9561084,315.0613323,4178000,0.332590934
2016-12-14,315.0518713,316.0642001,310.7944136,314.361217,3202902,0.254967968
2016-12-15,314.5409764,315.0424103,308.0317966,310.3686678,3920275,0.312074659
2016-12-16,309.375261,312.1000339,306.1395931,309.924,2505126,0.199421301
2016-12-19,308.4291593,316.3480306,308.0601796,308.3913152,3047187,0.242572229
2016-12-20,308.4670033,309.375261,304.4649931,308.8832881,3083159,0.24543579
2016-12-21,309.2806508,311.5418339,306.1206711,310.9457898,2471124,0.196714562
2016-12-22,310.3213627,310.7565695,307.3695254,307.6722779,1467813,0.116845691
2016-12-23,306.1112101,307.0100067,301.9294405,302.780932,3109555,0.247537052
2016-12-26,301.8348303,307.4735965,299.1573625,306.9910847,2600143,0.206985158
2016-12-27,307.0194677,311.0782441,306.063905,308.5805355,2006229,0.159706457
2016-12-28,309.3658,310.3213627,305.9030677,306.2720474,1787811,0.142319227
2016-12-29,306.5369558,310.1983695,305.5908541,309.6685525,2122512,0.1689632
2016-12-30,309.0062813,317.2184442,309.0062813,316.1398883,3468767,0.27613223
2017-01-03,316.2628815,318.8362781,314.872112,316.52779,2076389,0.165291565
2017-01-04,316.5845561,333.1886412,316.565634,332.9426547,6525738,0.519483317
2017-01-05,331.1356004,332.5074479,326.8213766,328.0513089,4170448,0.331989755
2017-01-06,327.9566987,340.3884752,327.4458038,331.8546378,6809562,0.542077211
2017-01-09,329.0541767,333.8603734,327.8620885,329.7259089,3540500,0.281842557
2017-01-10,329.6691428,333.0278039,327.9188546,330.1894987,3172764,0.252568823
2017-01-11,329.243397,329.243397,324.9859393,326.8308376,2359851,0.187856642
2017-01-12,327.8715495,328.675736,325.941502,328.3446004,1777940,0.141533443
2017-01-13,328.2783733,328.666275,325.3454579,326.2820986,1828248,0.145538227
2017-01-16,325.5819834,326.2158715,320.5392612,323.0653528,3685545,0.293388907
2017-01-17,324.1344478,332.554753,323.5667867,330.312492,3518838,0.280118147
2017-01-18,330.0759665,337.5407091,328.4959767,335.9417972,4600570,0.366229745
2017-01-19,335.866109,339.158543,332.7439734,335.6012005,2852392,0.227065515
2017-01-20,335.7714989,338.1367531,334.0022886,335.856648,2134417,0.169910901
2017-01-23,337.6447803,340.4073973,330.6247055,332.2898445,3258118,0.259363454
2017-01-24,332.3371496,333.7846853,328.0607699,331.428892,2691458,0.214254316
2017-01-25,331.1166784,331.1166784,327.5404139,328.8933394,2299036,0.183015445
2017-01-26,329.3758513,330.0002784,322.9045155,325.8563529,3782617,0.301116353
2017-02-03,327.3511936,330.359797,326.4050919,328.15538,2093643,0.166665075
2017-02-06,329.7069869,330.0854275,326.3672478,328.15538,1568079,0.124827396
2017-02-07,328.145919,328.675736,324.6453427,325.0616274,2051983,0.163348718
2017-02-08,325.2319257,326.8781427,324.2006749,325.6576715,1908854,0.151954891
2017-02-09,326.4050919,329.9908174,326.0361122,328.8744173,2332438,0.185674422
2017-02-10,329.8299801,330.9653021,326.4050919,326.48078,2405659,0.191503201
2017-02-13,325.4589902,332.9331937,323.4910986,330.899075,5358790,0.426588074
2017-02-14,330.7003937,333.5954649,330.2841089,331.3342818,2655868,0.211421163
2017-02-15,332.554753,333.4440886,328.4865156,329.7448309,2625696,0.209019312
2017-02-16,329.7164479,329.8299801,326.8876037,329.3285462,1764230,0.140442055
2017-02-17,330.0948886,335.3362921,328.7703462,331.6654174,2910234,0.231670044
2017-02-20,331.5235022,342.7915736,331.1450615,341.8170888,6185340,0.492385833
2017-02-21,342.3752888,342.8956448,337.9286108,339.4045294,2770577,0.220552607
2017-02-22,341.1737396,346.7652008,340.5966176,342.3847498,3713031,0.295576939
2017-02-23,341.5143363,345.781255,340.3695532,342.2049905,2332806,0.185703716
2017-02-24,342.488821,343.3308516,340.6439227,343.0754041,1769278,0.140843902
2017-02-27,342.9524109,343.2930075,337.5690921,337.9475328,2540046,0.202201118
2017-02-28,337.7583125,339.8397362,334.5226446,335.5444344,2747351,0.218703695
2017-03-01,335.9607192,338.8936345,335.866109,337.3893328,2194420,0.174687458
2017-03-02,337.483943,337.7583125,335.4214412,337.5880141,2210362,0.175956525
2017-03-03,335.866109,338.9125565,335.866109,337.3231057,1415355,0.112669756
2017-03-06,338.3827396,340.1614108,337.3325667,339.6126718,2281884,0.181650055
2017-03-07,338.7327972,348.9980008,338.7327972,347.40855,4628698,0.368468883
2017-03-08,347.3896279,348.6290212,345.800177,347.4842381,1603770,0.127668588
2017-03-09,347.2193296,350.0387127,345.8569431,349.9630246,2340606,0.186324638
2017-03-10,349.9819466,356.6803468,348.5060279,349.9157195,4095105,0.325992053
2017-03-13,350.1049398,354.1542552,347.7207635,351.5240924,2767432,0.220302249
2017-03-14,351.5240924,353.7001264,348.4871059,349.5845839,2041649,0.162526077
2017-03-15,349.5845839,354.9300586,349.1209941,354.4853908,2515526,0.200249196
2017-03-16,356.264062,357.910279,352.7067196,354.5705399,2502260,0.199193153
2017-03-17,352.9905501,363.7288045,352.9905501,358.0805773,3470026,0.276232453
2017-03-20,359.9917028,365.8669944,358.459018,365.5831639,3154594,0.251122395
2017-03-21,365.7156182,375.1293302,365.6683131,372.7735369,4846096,0.385774915
2017-03-22,369.481103,373.331737,364.2491605,373.2182048,4553271,0.362464494
2017-03-23,370.9002556,372.7546149,365.7629232,368.7809877,3450481,0.274676568
2017-03-24,371.174625,372.0261166,364.2491605,365.9710656,3328772,0.264987886
2017-03-27,365.2236453,368.2795538,357.9954282,358.4022519,5369028,0.427403073
2017-03-28,359.4713468,360.6066689,356.3586722,359.7646384,4118717,0.327871693
2017-03-29,360.4742146,365.0060419,359.4240417,362.9719232,3729967,0.296925134
2017-03-30,362.3569571,366.0372927,361.9785164,365.3277164,3161299,0.251656148
2017-03-31,365.3844826,367.0874656,363.4733571,365.5358588,2447422,0.194827757
2017-04-05,364.8735876,373.7007166,364.2491605,368.6579945,4078998,0.324709851
2017-04-06,368.0430284,371.8179742,365.7913063,370.7867233,2885720,0.2297186
2017-04-07,371.8085132,372.7640759,368.6012284,371.694981,2409723,0.191826717
2017-04-10,372.7640759,372.7640759,367.0874656,368.2227877,2886948,0.229816355
2017-04-11,367.1347707,369.6419403,360.0863129,364.52353,4353072,0.346527593
2017-04-12,364.52353,369.9257708,364.0599401,369.1972725,2700291,0.214957469
2017-04-13,369.7176284,377.1066828,369.4621809,376.9174625,4564835,0.36338505
2017-04-14,377.9014082,378.327154,373.7101776,374.1359234,2364656,0.188239145
2017-04-17,369.9257708,376.8133913,367.6078216,374.457598,2879371,0.229213186
2017-04-18,373.331737,384.6376525,373.331737,382.8400592,4958100,0.394691027
2017-04-19,381.2789914,387.0502118,381.1465371,383.8713101,3755011,0.298918769
2017-04-20,384.2024457,397.7695443,384.2024457,392.9255035,5045768,0.401669864
2017-04-21,392.632212,393.199873,378.4406862,378.9421201,4933292,0.392716179
2017-04-24,379.0272693,383.1711948,368.0335674,377.0688387,5003797,0.39832875
2017-04-25,382.9819745,397.5235578,382.9819745,396.3125476,7619271,0.606534337
2017-04-26,396.2747036,405.5748834,390.7494695,395.432673,5662412,0.450757994
2017-04-27,393.1336459,399.2265409,388.3085271,398.725107,2824071,0.224811013
2017-04-28,399.245463,400.2010257,387.8070932,391.1941374,4950587,0.394092953
2017-05-02,389.4154661,392.632212,387.1259,389.8695949,2329168,0.185414112
2017-05-03,388.8478051,395.1488425,388.8478051,395.1015374,2026791,0.161343301
2017-05-04,392.2821543,395.9246459,392.2821543,393.5783137,2670915,0.212618984
2017-05-05,393.767534,399.9928833,392.7268221,393.758073,3743711,0.298019229
2017-05-08,393.748612,394.5244154,382.9062863,383.6253236,4072165,0.324165908
2017-05-09,382.6413778,387.7881712,376.5484828,386.7285373,5280192,0.420331257
2017-05-10,386.3879406,392.102395,385.0823203,387.9868525,2603938,0.20728726
2017-05-11,386.3879406,392.3483814,384.5998084,389.9452831,3046764,0.242538556
2017-05-12,391.2982085,392.9160425,387.9111644,391.1846763,2233742,0.177817697
2017-05-15,390.8535407,397.6938561,390.8535407,396.9369748,3344735,0.266258626
2017-05-16,396.9842799,407.9779818,395.7165036,406.9372699,5016490,0.399339181
2017-05-17,405.877636,407.003497,401.9796969,403.6069919,2751521,0.219035649
2017-05-18,402.1405342,407.4860089,402.1026901,406.3885309,2430080,0.193447242
2017-05-19,406.416914,417.9877379,406.416914,417.0605583,3831083,0.304974503
2017-05-22,415.3764972,421.9708262,412.6895683,417.9688159,3532149,0.281177773
2017-05-23,418.4134837,429.9748467,418.4134837,429.7193992,4845439,0.385722615
2017-05-24,428.489467,431.8765111,421.9613651,426.0485246,4022618,0.320221704
2017-05-25,424.5253008,428.5462331,423.3805177,426.313433,2889842,0.230046733
2017-05-26,426.5215754,431.0439416,423.8535686,427.5622873,2738664,0.218012163
2017-05-31,425.745772,426.2188229,416.388826,419.0662939,4431225,0.352748986
2017-06-01,418.6500091,425.6984669,417.2403176,425.0645788,4060478,0.323235561
2017-06-02,425.745772,426.6445686,421.5829245,423.2007584,2178526,0.173422211
2017-06-05,423.8914126,424.7996703,418.5080939,420.4570634,1924120,0.153170146
2017-06-06,420.9868804,424.7996703,420.2583821,424.629372,2040244,0.162414231
2017-06-07,424.9132025,435.2067892,424.9132025,434.6107451,3883430,0.309141602
2017-06-08,436.4556434,439.3696367,433.7876366,439.2844876,2895111,0.230466173
2017-06-09,439.2182604,445.4246877,438.0450943,440.637413,3143076,0.250205501
2017-06-12,441.8295012,449.8145996,439.9372977,447.3925793,3510916,0.279487514
2017-06-13,447.5534165,448.925264,441.8295012,447.5439555,2423798,0.192947162
2017-06-14,447.3074301,451.7635692,445.1219351,448.8211928,3376863,0.268816185
2017-06-15,449.3983149,449.8524437,438.991196,439.2750265,5020280,0.399640885
2017-06-16,436.6259417,442.293091,436.3988773,437.6950367,3333180,0.265338787
2017-06-19,437.0611485,445.036786,437.0611485,444.8286436,3853668,0.306772389
2017-06-20,447.5061115,449.2847827,440.5617249,441.16723,3450539,0.274681185
2017-06-21,444.2420605,447.5061115,440.9117825,447.231742,4203854,0.33464905
2017-06-22,447.5250335,452.1703929,445.8031284,447.269586,3824234,0.304429287
2017-06-23,447.3736572,449.2847827,443.0878164,447.250664,3130362,0.249193399
2017-06-26,447.5155725,458.859332,446.5600097,458.5565795,5293257,0.4213713
2017-06-27,456.7968303,458.859332,454.9330099,458.0078405,2798078,0.222741833
2017-06-28,457.9983795,457.9983795,447.5061115,449.6821454,3772874,0.300340758
2017-06-29,450.6282471,451.6216539,444.6678063,447.5155725,3509272,0.279356643
2017-06-30,446.0964199,448.6035895,442.5863825,446.4180945,2242717,0.178532155
2017-07-03,448.6414335,448.6414335,433.2199756,435.5568468,4962853,0.395069391
2017-07-04,434.2228434,435.2067892,424.7996703,427.5622873,5648895,0.449681969
2017-07-05,428.5935382,435.5190027,428.5935382,435.3297824,3754032,0.298840835
2017-07-06,433.4186569,435.3960095,426.313433,431.4034603,4204439,0.334695619
2017-07-07,433.1898178,433.2378379,423.7298472,428.31097,3779647,0.300879925
2017-07-10,429.1849368,436.8873697,425.4297607,436.4743964,3662409,0.291547159
2017-07-11,436.5032085,446.1840717,436.0230069,444.7914872,4460182,0.355054116
2017-07-12,447.3557635,447.5382401,436.98341,439.3556057,2895072,0.230463069
2017-07-13,437.3195511,443.6197954,435.7156779,438.0974776,2595135,0.206586495
2017-07-14,438.1839139,440.5945257,435.110624,438.3375784,1772657,0.141112888
2017-07-17,438.9426323,439.9030354,428.608695,432.2486227,3526368,0.280717575
2017-07-18,434.0925967,436.0134029,430.2605883,434.6304224,3068449,0.244264797
2017-07-19,436.0230069,445.2620847,434.8705232,438.7697598,5625994,0.447858928
2017-07-20,437.8093567,448.4026028,437.8093567,447.9992335,4663487,0.371238272
2017-07-21,448.4698311,456.201076,445.3005008,454.4627464,4679241,0.372492373
2017-07-24,456.0762236,466.1316441,456.0762236,458.8806007,4271643,0.340045413
2017-07-25,463.1063743,463.6826162,457.2479154,459.0342652,2192999,0.174574339
2017-07-26,459.1207014,462.5589445,448.0856698,452.9549135,3147018,0.250519305
2017-07-27,452.9549135,457.0078146,452.4458999,455.1062165,1959503,0.15598682
2017-07-28,452.3498596,464.9023281,449.1901334,464.7582676,4661877,0.371110107
2017-07-31,464.8350999,468.6382961,461.9538906,462.1651793,3841218,0.305781303
2017-08-01,461.9538906,463.8746968,458.4964394,461.2239842,2750154,0.218926828
2017-08-02,461.0319036,465.6802546,459.5624869,463.7210323,2677422,0.213136976
2017-08-03,464.5277709,467.5722487,456.7965259,458.3235669,3176839,0.252893215
2017-08-04,458.1122782,460.0138763,453.8865045,454.8853238,1868114,0.148711771
2017-08-07,453.7904642,463.2984549,452.474712,462.4917163,2309937,0.183883223
2017-08-08,462.9142937,465.0463886,460.5132859,463.4713275,1605158,0.127779081
2017-08-09,465.6418385,473.4595197,462.9431058,471.4138611,4179447,0.332706123
2017-08-10,471.6443578,479.8173882,469.6371154,472.1629755,3536438,0.2815192
2017-08-11,469.6371154,476.8881588,464.3356903,464.8927241,3657257,0.291137033
2017-08-14,465.9971876,480.2975898,465.9971876,480.0382809,3933147,0.313099338
2017-08-15,480.3071938,481.2579929,475.409138,476.331125,2716322,0.216233622
2017-08-16,478.2807433,479.0490657,473.4787278,476.8305346,1858722,0.147964118
2017-08-17,477.896582,477.896582,470.4054378,473.1810028,2584673,0.205753664
2017-08-18,473.2866471,474.8617082,468.6767123,470.2613774,2385775,0.189920329
2017-08-21,468.6767123,474.8232921,467.658685,470.3382096,2354662,0.18744357
2017-08-22,468.1004704,470.0981089,457.1518751,467.9275978,4245703,0.337980452
2017-08-23,466.2276844,475.0441848,465.1424289,474.4487349,2721499,0.216645738
2017-08-24,474.4295268,476.7440983,472.5375327,473.2962512,1815678,0.144537588
2017-08-25,473.9109092,474.6792316,469.9444444,473.4691237,1729788,0.137700289
2017-08-28,473.4787278,477.5988571,471.5867337,472.5567408,2902107,0.231023092
2017-08-29,473.4979358,475.2842856,468.6863163,470.0596927,2517662,0.200419233
2017-08-30,470.3093975,474.1990301,469.7907799,473.4499157,1850364,0.147298777
2017-08-31,474.477547,475.2842856,470.4054378,471.701982,1873686,0.149155332
2017-09-01,470.7895991,476.6288499,470.6263306,475.5724065,3145100,0.250366622
2017-09-04,475.5724065,476.9938031,471.8172304,472.921694,1893162,0.150705725
2017-09-05,473.3634794,474.4295268,470.1173169,470.5879144,2262215,0.180084299
2017-09-06,470.5975185,473.257835,465.6418385,465.7762949,3300650,0.262749226
2017-09-07,466.0932279,467.6202689,461.0511117,462.2131994,3332016,0.265246126
2017-09-08,459.3127821,461.473689,455.2310689,455.586418,4117327,0.327761042
2017-09-11,452.4362959,463.1255824,451.3702484,459.3800103,4537440,0.361204263
2017-09-12,460.5132859,466.7559061,459.4568425,465.7090667,3434163,0.273377568
2017-09-13,465.795503,472.7104053,462.3188438,472.1629755,3307570,0.263300095
2017-09-14,473.4691237,474.467943,469.6275113,471.2794047,1939949,0.154430218
2017-09-15,472.9985262,472.9985262,468.6767123,470.443854,1603946,0.127682599
2017-09-18,470.7319749,480.681751,470.7319749,479.2123343,4220681,0.335988568
2017-09-19,480.4896704,482.6025572,476.3695411,477.27232,2305481,0.183528502
2017-09-20,477.2242998,480.2207575,476.3599371,476.5520177,1731816,0.137861728
2017-09-21,476.3023129,480.7585832,473.3634794,479.0202536,1940268,0.154455612
2017-09-22,477.2242998,480.374422,476.1678564,480.1343212,1634353,0.130103157
2017-09-25,480.4992744,488.0768549,480.4896704,487.1548679,3269756,0.2602899
2017-09-26,486.6266462,489.8055804,483.6590006,489.1236942,2547049,0.202758594
2017-09-27,488.7683451,490.7947956,486.0311963,488.0864589,1667111,0.132710868
2017-09-28,487.1164518,499.601692,487.0684316,497.9305907,2596985,0.206733764
2017-09-29,495.567999,505.0567817,495.0877975,497.1430601,2243622,0.178604198
2017-10-09,503.7698415,514.3438796,499.5056517,506.8719435,3489129,0.277753153
2017-10-10,506.1804533,519.0882709,506.1420372,518.6752976,3100644,0.246827689
2017-10-11,516.7929075,529.4222083,516.7929075,523.9383066,3340643,0.265932881
2017-10-12,523.4196889,525.8206966,518.790546,522.5457221,1964622,0.156394319
2017-10-13,523.4196889,534.5603648,520.5480836,534.1281835,2785842,0.221767782
2017-10-16,537.8161314,544.22202,533.8592706,538.4884135,2990901,0.238091565
2017-10-17,538.7573264,538.7573264,532.0633168,534.6852173,2097712,0.166988989
2017-10-18,532.2553974,540.3131794,532.2553974,538.5172256,1917865,0.152672215
2017-10-19,538.7861385,561.9798733,538.5172256,559.5308454,4065882,0.323665748
2017-10-20,557.9942005,557.9942005,549.1200758,551.5883118,3153433,0.251029973
2017-10-23,552.1549496,557.5139989,545.5089602,550.7047409,2377182,0.189236281
2017-10-24,549.3505726,551.0792982,541.2927906,544.8654901,3127428,0.248959837
2017-10-25,547.1896656,549.0432436,539.8041658,543.271221,2507600,0.199618245
2017-10-26,581.0438748,588.7270996,568.4721983,581.1303111,11543497,0.918923517
2017-10-27,578.2683099,629.0640298,576.2706714,623.9066651,8438379,0.671739673
2017-10-30,617.5872127,618.4995957,596.4103244,597.4475598,8100786,0.644865482
2017-10-31,597.3803315,602.7489849,587.6514482,593.5579272,5187568,0.412957896
2017-11-01,596.295076,606.5329731,594.7008069,598.3407346,4343525,0.345767601
2017-11-02,602.1247229,604.8426636,596.4103244,602.0959108,3424973,0.272645996
2017-11-03,603.7574081,617.96177,603.7574081,613.8608487,4818897,0.383609731
2017-11-06,616.0985879,631.5802859,614.8500639,627.2008478,4851398,0.386196983
2017-11-07,624.8190481,631.1288964,612.9100497,616.6460177,5556485,0.442325643
2017-11-08,616.8957225,628.5838282,616.8957225,624.6269675,4395194,0.349880727
2017-11-09,622.3412081,628.2476871,619.0854416,624.3292425,3364113,0.267801217
2017-11-10,624.6749876,656.3394778,624.6749876,651.1052809,7407860,0.589704902
2017-11-13,653.0741073,665.3480589,649.0404142,660.6420837,4986984,0.396990347
2017-11-14,659.9313854,660.0082176,650.529039,651.8736034,4636671,0.369103576
2017-11-15,651.8736034,662.6685342,647.3116887,660.8341643,4503633,0.358513046
2017-11-16,658.8461299,691.4518151,658.8461299,690.6354725,6071632,0.483334074
2017-11-17,668.4405568,680.9257971,650.9324083,662.918239,12386124,0.98600109
2017-11-20,650.0008173,658.4523646,633.8660453,652.2577646,8830582,0.70296111
2017-11-21,642.5096732,661.5256545,635.8060595,650.4329987,9601651,0.764342287
2017-11-22,650.192898,660.757332,624.2620143,624.7614239,12849826,1.022914226
2017-11-23,616.5787895,620.4204019,605.265241,608.6362559,10959913,0.872467139
2017-11-24,610.7203306,617.058991,597.5916202,605.0923684,7654194,0.609314393
2017-11-27,608.8955647,611.1333039,588.7367037,596.6888413,6354846,0.505879408
2017-11-28,600.309561,623.1863628,599.2915337,622.5621008,7029183,0.559560206
2017-11-29,624.2043901,626.1540084,608.9051687,612.8524255,4676372,0.372263986
2017-11-30,610.3457734,622.8022016,601.2123399,606.0143554,3801962,0.302656317
2017-12-01,612.7467811,613.6879762,595.5747737,597.7068686,4719274,0.375679212
2017-12-04,599.2435136,618.595636,592.2997992,612.5354924,5426771,0.431999722
2017-12-05,608.8955647,621.7649662,605.1788047,607.8967455,4746576,0.377852596
2017-12-06,606.494557,618.595636,595.4499213,600.2615408,5817409,0.463096576
2017-12-07,600.2039167,600.2423328,590.8976106,592.2709871,5103262,0.406246691
2017-12-08,591.0512751,603.9494887,591.0512751,602.4416559,4550339,0.362231091
2017-12-11,606.0143554,626.1348003,606.0143554,625.2128134,7284917,0.579917987
2017-12-12,632.6175212,632.6847495,625.2416254,625.5297464,4788931,0.381224279
2017-12-13,629.0544258,643.4700763,624.9535045,641.7509547,4850248,0.386105437
2017-12-14,643.4508682,644.7186003,634.3462468,638.2358794,3196794,0.254481738
2017-12-15,637.7076577,641.5012499,625.0111287,627.901942,3225595,0.256774451
2017-12-18,633.8660453,643.2779956,632.5022729,639.4075712,3916228,0.311752496
2017-12-19,636.7472546,645.8134598,634.8264484,640.6753032,4407221,0.35083814
2017-12-20,643.374036,659.6624725,637.7364698,657.7896865,6360131,0.506300122
2017-12-21,655.9553166,660.2002982,648.7522933,654.7452086,4668038,0.371600555
2017-12-22,653.0741073,658.7404855,650.202502,655.8784843,2831701,0.225418401
2017-12-25,658.8365258,668.7286778,656.6468068,660.8725804,3621428,0.288284855
2017-12-26,660.9302046,665.5497435,649.7126964,653.8520338,3186766,0.253683457
2017-12-27,657.7416663,657.7416663,636.267053,637.8805302,3772205,0.300287502
2017-12-28,659.7969289,691.3941909,644.7378084,690.2321032,12414107,0.988228685
2017-12-29,689.569425,697.7328514,664.2147832,669.8715575,7603887,0.605309689
2018-01-02,672.2821692,682.0398647,662.5724939,675.9797212,4961248,0.394941625
2018-01-03,673.7227739,692.8347955,672.0324644,687.5141624,5201941,0.414102063
2018-01-04,692.8347955,714.059704,690.8467611,707.8843121,7220508,0.57479069
2018-01-05,711.6586963,716.4895239,699.3847447,709.1232321,3998907,0.318334183
2018-01-08,705.9154858,726.5449443,705.9154858,722.3479828,5220456,0.415575955
2018-01-09,722.424815,751.9956264,722.424815,751.534633,6459195,0.514186142
2018-01-10,753.9164326,757.6427967,742.8525889,754.5983188,4771424,0.379830629
2018-01-11,755.8372388,756.7976419,741.4311924,744.1299251,5065607,0.403249154
2018-01-12,743.1311058,757.5659644,736.6483849,757.2010112,4598824,0.366090754
2018-01-15,762.0414429,767.4197002,748.1732221,754.2717818,5247313,0.417713914
2018-01-16,749.5754106,757.3834878,737.58958,742.3339713,6542833,0.52084417
2018-01-17,739.5103862,743.3519986,709.2672926,718.3142898,9070954,0.722095995
2018-01-18,718.3142898,734.7083707,714.6263419,721.0130225,5897851,0.469500185
2018-01-19,723.0874932,728.8499118,709.7570982,720.4751967,5092556,0.405394437
2018-01-22,722.0406538,743.3519986,722.0406538,743.0062534,6712675,0.534364493
2018-01-23,747.0111344,749.1144171,738.1658218,743.1407099,4954918,0.394437723
2018-01-24,745.6953821,745.7145902,728.5617908,734.189753,4329881,0.344681467
2018-01-25,730.8667583,745.2728047,721.2627273,738.7036476,5004072,0.398350642
2018-01-26,736.8596736,746.6173691,733.7479676,746.4444965,4397833,0.350090806
2018-01-29,747.9235173,748.7974841,705.8962777,707.1640098,7453551,0.593342147
2018-01-30,706.8566808,719.1210284,701.1134703,712.6959316,5191103,0.4132393
2018-01-31,709.7378901,741.1526755,709.7378901,734.2665852,6040241,0.480835184
2018-02-01,736.6291769,736.9172978,723.1067012,727.7262401,5058261,0.402664373
2018-02-02,722.4344191,723.4044262,696.2922467,711.0824544,7542082,0.600389684
2018-02-05,698.4243416,701.0558461,677.6604266,689.7903177,9899585,0.788059412
2018-02-06,675.1633785,693.9872793,675.1633785,680.7913407,8816871,0.701869642
2018-02-07,691.4902312,695.2165952,655.0045175,656.3682899,8828998,0.702835015
2018-02-08,655.1869941,689.569425,655.1869941,673.2329683,8340943,0.663983252
2018-02-09,653.0741073,662.5724939,631.9452391,656.3682899,10557826,0.840458883
2018-02-12,663.6385413,677.5643863,658.0682034,669.8619534,6417955,0.510903219
2018-02-13,677.1033928,686.5153432,676.6039832,683.7877984,5338918,0.425006157
2018-02-14,691.4902312,691.4902312,684.0182951,690.0016064,3065260,0.244010935
2018-02-22,698.5011738,714.5399056,694.6019373,713.0512808,5076469,0.404113827
2018-02-23,717.4211149,726.6025685,707.8170839,713.0800929,3815877,0.303764025
2018-02-26,717.3058665,722.2711505,703.9946796,714.0693081,4365824,0.34754272
2018-02-27,719.3419211,726.0647428,708.0283726,708.7582789,4260154,0.339130828
2018-02-28,703.0150684,712.9072203,690.5298281,696.8876966,4833067,0.384737738
2018-03-01,699.173456,717.2770544,695.1109509,712.5902873,4479465,0.356589145
2018-03-02,708.777487,714.1173282,701.0942622,707.2504461,2599190,0.206909294
2018-03-05,708.9503595,712.6190994,688.637834,691.5958756,3723470,0.296407938
2018-03-06,696.2922467,698.7892948,669.5258123,689.8191298,6457036,0.514014274
2018-03-07,686.6882157,695.3318436,680.9161931,681.9246163,3459594,0.275402011
2018-03-08,685.7278126,695.3318436,679.965394,694.1409438,3534930,0.281399155
2018-03-09,698.7412746,703.5624982,694.8516421,699.3655366,3017100,0.240177144
2018-03-12,700.6620808,704.8590423,694.1505478,695.2838235,3988841,0.317532876
2018-03-13,694.3714405,697.8288917,681.8862002,682.2223413,3857709,0.307094074
2018-03-14,681.5692672,699.2502882,679.2162796,698.0978045,3735576,0.29737164
2018-03-15,699.1926641,717.4211149,699.1926641,716.9121012,5614879,0.446974115
2018-03-16,717.9973567,724.1247285,709.6226417,710.5542327,3585552,0.285428935
2018-03-19,714.5110935,724.1343325,709.7378901,723.644527,3866658,0.307806462
2018-03-20,720.3023242,722.2231304,710.6982932,718.1222091,2887720,0.229877811
2018-03-21,720.4079685,723.2891778,710.6982932,712.6190994,2674271,0.212886139
2018-03-22,714.5399056,718.381518,695.3414476,697.3294821,3748697,0.298416141
2018-03-23,673.2425723,694.842038,672.3590015,682.9042275,5254677,0.418300128
2018-03-26,679.965394,686.7458399,674.0877271,685.238007,4625611,0.368223141
2018-03-27,694.3714405,697.1374014,676.1237816,686.4385109,4754844,0.378510773
2018-03-28,672.2533571,675.1633785,642.5096732,655.0429336,11353972,0.903836323
2018-03-29,655.1869941,670.2173026,632.3390043,661.8137755,7908196,0.629534298
2018-03-30,658.8365258,666.0395491,652.9588589,656.5507665,3654028,0.290879987
2018-04-02,653.0741073,663.6385413,647.417333,653.1317314,3203908,0.255048051
2018-04-03,651.1533011,659.7969289,648.646649,651.0668648,4023558,0.320296533
2018-04-04,654.9949135,672.6951426,653.4390604,666.5293547,5689131,0.452884968
2018-04-09,669.4970002,677.4971581,662.8221987,670.649484,3083305,0.245447413
2018-04-10,676.8921041,680.4455956,670.8031485,679.9846021,3204325,0.255081246
2018-04-11,681.8862002,686.476927,675.1825866,677.4299298,2572318,0.20477014
2018-04-12,676.1237816,678.8897426,664.8102331,666.7118313,3071361,0.244496607
2018-04-13,670.8415646,673.2425723,657.952955,659.6624725,2754952,0.219308774
2018-04-16,653.6311411,659.6528685,650.192898,654.3994635,3293967,0.262217224
2018-04-17,657.8761227,658.2410759,639.2443026,639.8205445,3517276,0.279993804
2018-04-18,644.4304794,644.4304794,619.4599988,629.6786878,6261660,0.498461309
2018-04-19,633.7219848,653.0741073,630.6582989,653.0356911,4420757,0.351915678
2018-04-20,654.0345104,666.5197506,641.7701628,643.7197811,4151168,0.330454965
2018-04-23,639.6380679,653.3910403,639.6380679,647.3212927,3265920,0.259984534
2018-04-24,649.2324949,666.0395491,648.2720918,662.5628899,4728256,0.376394227
2018-04-25,661.7177351,664.5989444,655.9745246,663.6097292,2525222,0.201021049
2018-04-26,664.5989444,664.8678573,646.3512856,651.3741938,3504790,0.278999852
2018-04-27,658.1162235,661.1030772,629.0640298,636.2958651,5791521,0.461035754
2018-05-02,633.8660453,642.5000691,619.517623,641.3860015,7025911,0.559299738
2018-05-03,639.6284639,647.0043597,631.9452391,644.315231,3632653,0.289178424
2018-05-04,644.4112713,648.1088232,634.413475,636.6224022,3737584,0.297531487
2018-05-07,633.8180251,674.0877271,631.7243464,670.5246316,8559143,0.681353128
2018-05-08,670.3901751,683.9318588,670.3901751,680.7625286,6249783,0.497515837
2018-05-09,681.0026294,684.0951273,669.5162083,674.1549553,3233106,0.257372366
2018-05-10,675.6435801,687.6486188,675.6435801,685.9102892,3929380,0.312799465
2018-05-11,690.2321032,701.5744637,687.3604979,689.5886331,3914165,0.311588271
2018-05-14,695.3318436,713.5795025,695.3318436,713.0128647,5101471,0.406104118
2018-05-15,716.4607118,716.8832891,704.9358746,713.6371267,3805580,0.302944329
2018-05-16,710.6982932,716.1341747,704.2443844,705.4352842,3079520,0.245146107
2018-05-17,706.0115261,708.2972854,695.3318436,698.5780061,2851793,0.227017831
2018-05-18,695.3222396,711.6586963,692.6331109,710.0452191,2925517,0.232886652
2018-05-21,714.5399056,717.7092358,703.4760619,705.7234051,2905958,0.231329652
2018-05-22,706.1075664,710.5446287,701.1134703,710.2853199,1699896,0.135320727
2018-05-23,710.6982932,710.6982932,694.9284743,695.1205549,2826871,0.225033908
2018-05-24,691.4902312,699.807322,684.7674095,687.072377,3041634,0.24213018
2018-05-25,683.8070064,698.2130529,683.8070064,688.4745655,2651146,0.211045267
2018-05-28,689.569425,711.3321592,686.8034641,711.0824544,4280523,0.340752308
2018-05-29,709.5458095,720.3023242,702.3235782,702.4676386,4082027,0.324950975
2018-05-30,698.4243416,708.1052048,691.5382514,697.1277974,3714710,0.295710596
2018-05-31,701.334363,721.8581772,701.3247589,721.3875797,7185287,0.571986912
2018-06-01,721.3875797,725.0851316,709.5073933,715.605953,3617763,0.287993101
2018-06-04,722.5592715,751.8995861,716.3454634,751.0064112,7380597,0.587534622
2018-06-05,755.3570373,763.2323427,746.4541006,756.8456621,5262967,0.418960055
2018-06-06,756.7976419,769.2348621,751.3233443,754.636735,4896948,0.389823004
2018-06-07,758.6992401,764.0486853,748.0579737,750.0460082,3916778,0.311796279
2018-06-08,749.1144171,754.7807954,739.5103862,747.1455908,3495846,0.278287862
2018-06-11,745.3208249,754.8768357,737.906513,745.0134959,3654755,0.29093786
2018-06-12,747.1936109,771.68389,745.7530063,767.5445526,5528708,0.440114447
2018-06-13,768.3224791,770.8387352,757.6427967,759.0353812,3524437,0.280563857
2018-06-14,758.7184481,762.3679799,744.4852742,755.0016881,3615961,0.287849652
2018-06-15,753.1217601,758.3620538,749.1282278,753.2483843,3170773,0.252410329
2018-06-19,749.0308245,749.0308245,717.8617915,718.8358238,6019587,0.479191016
2018-06-20,721.7579206,745.1346954,721.7579206,743.7613099,4583802,0.364894923
2018-06-21,745.3489825,758.6640038,739.0664743,739.602192,3918255,0.311913856
2018-06-22,734.4203403,747.08276,730.5242112,746.6249648,2885481,0.229699574
2018-06-25,746.1087277,758.7419264,745.0372922,745.6801535,3293416,0.262173362
2018-06-26,745.4366454,749.8879729,727.6021143,735.1995661,4657798,0.370785397
2018-06-27,732.4722757,737.3424371,702.277275,703.6798815,5729801,0.456122515
2018-06-28,695.459049,700.3292104,678.9005003,692.4687699,5083394,0.404665093
2018-06-29,693.8031942,713.2838398,686.6927585,712.4656527,3292927,0.262134435
2018-07-02,715.4461915,720.1312867,684.7446939,693.07267,3755811,0.298982453
2018-07-03,691.3291522,697.1928265,660.6179143,676.8745131,8283710,0.659427202
2018-07-04,674.0303388,681.8225971,670.1342097,672.9686437,3799075,0.302426497
2018-07-05,681.8225971,697.6019201,681.8225971,684.1505343,4712380,0.375130413
2018-07-06,688.6408231,702.2090928,681.1018132,695.5759329,4415661,0.351510009
2018-07-09,701.3324637,710.907201,701.040254,708.3552364,4057266,0.322979868
2018-07-10,710.0695333,712.504614,694.8064474,706.9136687,2901047,0.23093871
2018-07-11,691.5629199,705.1993719,683.9849488,700.8941492,2427845,0.193269324
2018-07-12,699.3551782,721.9235061,699.3551782,718.3877689,4017004,0.3197748
2018-07-13,723.0241626,728.6735498,716.0306108,727.592374,2890704,0.230115353
2018-07-16,732.7644854,744.2678067,731.5274644,735.0826823,3247487,0.25851717
2018-07-17,737.3424371,737.3424371,716.9072399,723.1507868,2780603,0.22135073
2018-07-18,723.1507868,730.2222612,715.913727,718.2903657,2452171,0.195205803
2018-07-19,719.8098561,724.6313159,715.9332076,721.709219,1807850,0.143914438
2018-07-20,722.2449368,723.8326094,709.095501,721.8845448,3054850,0.243182244
2018-07-23,716.8877592,721.9040255,701.3129831,713.0598124,3596989,0.286339381
2018-07-24,713.6539721,727.894324,704.2253396,726.0436627,4180860,0.332818605
2018-07-25,727.5534127,730.4073273,720.7936287,724.4949514,2174388,0.173092804
2018-07-26,729.4527757,729.4527757,715.1637221,716.517627,2306726,0.18362761
2018-07-27,716.8877592,724.9722272,711.0435655,719.3812819,2091360,0.166483336
2018-07-30,719.7124529,721.4267497,696.4330813,700.5337572,4217166,0.335708755
2018-07-31,701.5954524,708.9786171,700.5337572,707.5760106,2068346,0.164651299
2018-08-01,712.4072107,713.2838398,695.5661926,696.3746394,2523788,0.200906895
2018-08-02,697.3778926,697.3778926,670.0173258,677.7706228,5500143,0.437840522
2018-08-03,676.9524357,676.9524357,658.6406288,661.3581789,4733699,0.376827519
2018-08-06,659.4198546,666.2380806,645.0528785,652.2899383,4524812,0.360199007
2018-08-07,654.8419029,669.9686242,644.828851,668.4588742,3908559,0.311142003
2018-08-08,669.1796581,671.108242,654.423069,658.6601094,2968544,0.236311829
2018-08-09,653.5756609,676.4654196,652.7185125,673.913455,3448575,0.27452484
2018-08-10,673.913455,676.7284083,666.432887,669.3355032,2381767,0.189601271
2018-08-13,665.2640483,665.2640483,649.3678415,661.5822063,3457041,0.275198778
2018-08-14,661.5822063,666.7250967,656.020482,662.4685757,2169683,0.172718261
2018-08-15,662.147145,662.3419515,643.8353381,645.5885962,3499709,0.278595377
2018-08-16,635.0690476,651.1405802,623.3806602,631.6014927,5993985,0.477152961
2018-08-17,640.4262251,640.4262251,613.6500777,618.3741343,4657457,0.370758252
2018-08-20,616.0267165,628.7865394,600.8415532,628.0462748,4885234,0.388890508
2018-08-21,630.1988862,654.8419029,630.1988862,654.0529368,5224902,0.41592988
2018-08-22,653.5756609,655.718532,645.7834027,650.3613544,2067551,0.164588013
2018-08-23,654.2574835,660.880903,647.9067931,652.8061754,2735727,0.217778363
2018-08-24,651.6275964,651.6275964,639.4132316,643.1535155,2609026,0.207692292
2018-08-27,644.8093704,669.4523871,644.8093704,669.4523871,4801692,0.382240122
2018-08-28,675.0043711,675.7641163,660.9296047,663.3159837,3248890,0.258628856
2018-08-29,664.290016,670.9913581,661.4653224,668.0400403,2740403,0.218150597
2018-08-30,670.3387565,674.6147582,661.3776595,662.7315644,3378833,0.268973007
2018-08-31,658.6893304,659.4198546,639.4521929,642.0723397,5898093,0.46951945
2018-09-03,635.0690476,650.3321334,633.9002088,648.9100463,3017984,0.240247515
2018-09-04,649.4847254,658.4458223,644.4197575,657.5107514,2154048,0.171473633
2018-09-05,657.4717901,659.4101143,639.939209,640.7086945,2898342,0.230723378
2018-09-06,635.0690476,642.1405219,623.3806602,627.2767893,4237058,0.337292264
2018-09-07,628.7378378,640.9424622,628.3871861,634.0657943,2924006,0.232766368
2018-09-10,635.263854,636.832046,624.0624828,628.0560152,2120220,0.168780745
2018-09-11,628.80602,634.0657943,623.9943005,629.2248539,1949687,0.155205414
2018-09-12,626.302757,628.1241974,611.7020131,613.6403374,4115737,0.32763447
2018-09-13,621.4325956,625.3287248,603.9000146,615.5689213,4771316,0.379822031
2018-09-14,617.5169859,632.9066959,612.2085099,626.2053538,4090019,0.325587181
2018-09-17,628.2508216,636.0041186,624.4131344,629.0397878,2911295,0.231754506
2018-09-18,626.302757,650.6535641,625.5430119,649.3873221,3785868,0.30137515
2018-09-19,649.2704382,668.1861452,648.7054995,663.7250773,4822184,0.383871394
2018-09-20,667.4069193,669.0627742,659.7705062,660.9296047,2751948,0.21906964
2018-09-21,664.290016,681.8323374,662.3516918,681.8323374,4261720,0.33925549
2018-09-25,676.9524357,687.4427634,675.2576195,678.9199809,3063991,0.243909916
2018-09-26,683.8680649,713.6539721,683.7609213,706.1052219,7228777,0.575448946
2018-09-27,708.6084848,709.095501,696.8226942,705.1993719,4050853,0.32246936
2018-09-28,707.829259,714.1604688,700.2123266,711.0435655,3508980,0.279333398
2018-10-08,696.8324346,700.3292104,668.33225,668.33225,8274502,0.658694196
2018-10-09,669.0627742,680.5660955,668.0887419,676.9524357,4022283,0.320195036
2018-10-10,679.1537486,679.8745325,652.2996786,653.4977384,6309820,0.5022951
2018-10-11,618.5202391,651.5691544,618.5202391,628.2410813,9158196,0.72904092
2018-10-12,634.0950153,655.2120352,633.6859217,650.6535641,5447256,0.433630436
2018-10-15,652.1048722,654.5009916,642.8905268,649.5821286,3560730,0.283452972
2018-10-16,648.6860189,661.8841563,644.8191107,649.8158963,2639360,0.210107039
2018-10-17,657.4717901,659.7120643,633.0235798,648.4327705,4307707,0.342916299
2018-10-18,642.8613058,642.8613058,628.2216006,629.166412,5215607,0.415189949
2018-10-19,621.4325956,657.4717901,618.5884214,652.6016287,7619938,0.606587434
2018-10-22,657.4717901,683.7901423,657.4717901,675.0043711,7310857,0.581982949
2018-10-23,671.108242,671.108242,618.5104988,625.0754764,12311273,0.980042554
2018-10-24,611.7994164,633.120983,603.9000146,620.448823,7611282,0.60589837
2018-10-25,603.9000146,606.3350953,592.7765659,602.9259823,7556838,0.60156434
2018-10-26,602.9259823,608.770176,592.1921465,594.257095,5532738,0.440435256
2018-10-29,534.8313855,534.8313855,534.8313855,534.8313855,4907600,0.39067096
2018-10-30,496.7564636,528.8995289,495.801912,510.3929155,20439667,1.627105779
2018-10-31,513.3150124,540.5879163,508.444851,534.6463194,9688482,0.771254495
2018-11-01,540.5879163,570.2959009,536.9352952,548.3801745,9810672,0.780981466
2018-11-02,569.8088847,584.4193689,557.3802328,584.3219657,8915696,0.709736635
2018-11-05,577.601143,577.601143,556.9224376,560.8477877,7551708,0.601155964
2018-11-06,559.0945296,559.2503748,543.5197534,551.3022714,4556614,0.362730615
2018-11-07,554.2243682,560.0198603,547.4158826,551.6918843,3810778,0.303358118
2018-11-08,559.0945296,562.0166265,553.2503359,555.5295715,3376374,0.268777258
2018-11-09,552.4905908,554.2243682,547.4061422,547.4061422,2433682,0.19373398
2018-11-12,538.6398517,539.8086904,522.8605287,537.6658194,6782422,0.539916723
2018-11-13,531.9385096,555.1984005,528.8995289,555.1984005,6642905,0.528810431
2018-11-14,555.1594392,555.1594392,538.2015372,540.6853195,4176683,0.332486094
2018-11-15,544.2892389,550.1334326,541.0749324,545.165868,3083340,0.245450199
2018-11-16,546.43211,551.3022714,543.5392341,545.4580777,2893879,0.2303681
2018-11-19,545.7502874,557.1464651,544.5911889,554.2438489,3617925,0.288005997
2018-11-20,550.3282391,553.2503359,545.4580777,547.0165293,2694326,0.214482624
2018-11-21,539.613884,554.126965,539.3021937,550.0360294,2710730,0.215788469
2018-11-22,550.4743439,552.5977343,543.5100131,549.8412229,2121333,0.168869345
2018-11-23,549.3542068,552.5685133,542.4385776,542.4385776,2012621,0.160215294
2018-11-26,543.5100131,545.6528841,537.6658194,537.772963,1912019,0.152206842
2018-11-27,537.6658194,540.5781759,532.3086419,533.8670935,2023382,0.161071927
2018-11-28,536.5456823,544.6691115,531.3346096,542.5359808,2773793,0.220808618
2018-11-29,551.3314923,555.003594,534.7534629,537.2762065,4506945,0.358776699
2018-11-30,542.5359808,554.1172247,538.6398517,550.3282391,4901046,0.390149226
2018-12-03,573.7050138,589.2895303,569.5848573,585.5882077,8341468,0.664025044
2018-12-04,587.3317255,588.5687465,579.5492075,586.5914609,3147388,0.250548759
2018-12-05,581.9842882,600.4909016,579.5492075,594.257095,4158819,0.331064025
2018-12-06,584.4193689,590.244082,575.0296977,576.4323042,3775807,0.300574241
2018-12-07,580.1336269,583.3089721,569.516675,571.7569493,2684167,0.213673913
2018-12-10,561.0425942,572.2439654,559.2698554,562.2406539,2464068,0.196152867
2018-12-11,562.0166265,571.3186348,562.0166265,567.8510798,1631660,0.12988878
2018-12-12,573.5004671,573.8998203,567.6660137,573.7050138,1992154,0.158586012
2018-12-13,574.6790461,591.120711,574.2894332,586.1239254,4039941,0.321600707
2018-12-14,582.4810447,584.2245625,576.6271107,577.5621817,2455448,0.195466669
2018-12-17,577.1823091,580.4940188,569.818625,575.1855429,2489585,0.198184155
2018-12-18,570.6660331,576.1790558,569.8088847,575.5946365,1922218,0.153018736
2018-12-19,573.7050138,575.6433381,561.0718152,562.7958523,2571596,0.204712665
2018-12-20,561.2568813,566.3997717,554.1172247,559.5815458,2694098,0.214464474
2018-12-21,556.1724328,558.5588119,547.610689,552.6756569,3064043,0.243914056
2018-12-24,548.8671907,556.0847699,543.5100131,553.2503359,1910986,0.15212461
2018-12-25,547.6204293,552.7633198,539.2340114,551.0977246,2659286,0.211693254
2018-12-26,549.1691407,553.6399488,543.5100131,545.5360003,1786620,0.142224417
2018-12-27,555.1984005,557.0003602,547.6204293,548.3801745,2949357,0.234784442
2018-12-28,548.6723842,580.9128527,545.4580777,574.6887864,6367837,0.506913561
2019-01-02,594.1402111,596.1077563,579.5589479,583.425856,6228649,0.495833459
2019-01-03,584.390148,586.0362625,570.5881105,574.6790461,3097735,0.246596117
2019-01-04,572.0296783,591.8901965,566.9062685,586.3674335,3768347,0.299980385
2019-01-07,592.2116272,596.1077563,586.5817206,589.7668062,3475013,0.276629445
2019-01-08,589.7765465,596.1077563,584.692098,589.0849836,2883813,0.229566793
2019-01-09,594.1499514,609.9000534,593.2246208,600.1207693,4989227,0.397168901
2019-01-10,601.1045419,608.6532921,594.4031998,602.7019549,2904390,0.231204831
2019-01-11,608.770176,620.4585634,602.6824742,619.3676472,3888421,0.309538912
2019-01-14,616.5624342,619.3773875,605.4097646,608.3805631,2564890,0.204178832
2019-01-15,611.5559083,644.3223543,608.770176,642.8418252,5576485,0.443917749
2019-01-16,640.9132413,648.3645882,636.6274992,643.9327413,4208364,0.33500807
2019-01-17,645.7834027,652.309419,638.7703703,642.1307816,3028476,0.241082734
2019-01-18,647.7314672,672.2770807,644.3223543,665.858208,6860918,0.546165421
2019-01-21,672.0822743,680.7316809,664.1731322,669.1406968,4705193,0.37455829
2019-01-22,668.1861452,668.1861452,647.9457543,653.5756609,4212221,0.335315107
2019-01-23,649.8938189,656.9847739,645.9100269,648.3743285,3362481,0.267671301
2019-01-24,652.8938383,660.2283014,647.4197769,655.0367094,2915527,0.232091395
2019-01-25,658.3289385,667.1147096,652.5334464,662.0497418,2898635,0.230746702
2019-01-28,666.2380806,675.9589228,658.4750433,659.4198546,3610287,0.287397972
2019-01-29,659.9068708,670.1342097,650.6535641,667.2121129,3034259,0.241543091
2019-01-30,667.2023726,668.4004323,658.4458223,658.4458223,2269996,0.180703708
2019-01-31,662.3419515,671.6926614,659.9653127,671.6926614,3669657,0.292124138
2019-02-01,678.9394615,680.8485648,671.7024017,674.6829405,3052062,0.242960304
2019-02-11,676.9524357,710.5565494,670.3095355,706.4656138,5814075,0.462831172
2019-02-12,704.2253396,706.65068,696.6278878,699.2772556,3509143,0.279346374
2019-02-13,704.2253396,717.0436044,698.595433,716.157235,3567706,0.284008299
2019-02-14,712.2124043,724.3488465,711.1799301,718.0176367,3225813,0.256791805
2019-02-15,715.7968431,715.7968431,704.2448202,705.959117,2323798,0.184986632
2019-02-18,712.0175978,725.6053482,712.0175978,720.7838884,3774589,0.300477282
2019-02-19,721.7189594,723.2189691,707.7902977,711.7838301,2950150,0.234847569
2019-02-20,715.913727,715.913727,697.4655555,703.2513073,3788237,0.301563735
2019-02-21,701.3032427,711.511101,698.3811459,701.5467508,2985040,0.237624998
2019-02-22,698.3811459,709.5727768,695.5564523,707.1571767,2590877,0.206247535
2019-02-25,711.7740898,725.1085917,699.3454378,723.0533836,8262259,0.657719588
2019-02-26,728.3813402,729.7255047,707.1474364,708.46238,5796466,0.461429402
2019-02-27,713.9656624,738.3359501,712.0175978,721.465711,6594227,0.524935404
2019-02-28,718.7384206,743.5957244,717.8130899,735.4041129,5698625,0.45364074
2019-03-01,741.7255824,769.4855024,741.2385663,768.8036798,6384023,0.508202052
2019-03-04,774.3556638,777.5991913,757.0373699,761.5568797,8458596,0.673349054
2019-03-05,764.615341,769.0471879,755.7321666,759.5308925,4483056,0.356875008
2019-03-06,754.8750182,759.2581635,745.9918438,748.0567922,4673137,0.372006463
2019-03-07,742.4268857,742.4268857,726.1995078,729.160566,6018053,0.479068901
2019-03-08,718.7384206,727.4365288,714.5987834,718.3488077,5227525,0.416138685
2019-03-11,720.8228497,747.0340583,720.8228497,738.8424469,5305724,0.422363739
2019-03-12,743.9853373,743.9950776,719.8098561,725.6637901,5251001,0.418007499
2019-03-13,726.1410659,740.9950582,726.1410659,734.4203403,4056136,0.322889914
2019-03-14,737.3424371,764.615341,734.4203403,757.7971151,6217256,0.494926516
2019-03-15,755.8490505,767.0504217,744.9885906,757.1152925,5240071,0.417137413
2019-03-18,758.5763409,793.3785143,756.8230828,789.053811,8131880,0.647340729
2019-03-19,782.1479221,786.9401609,771.7257767,772.0277267,4063493,0.32347557
2019-03-20,769.4855024,781.4660995,764.615341,772.2127928,3111752,0.247711945
2019-03-21,767.5374379,772.2127928,761.206228,765.3458652,3257328,0.259300566
2019-03-22,767.751725,779.2063446,764.615341,773.3816316,3051750,0.242935468
2019-03-25,765.5893733,767.5374379,753.2191633,755.4594376,3727046,0.296692607
2019-03-26,759.7451796,765.5309314,744.2580663,752.9269537,3759569,0.29928161
2019-03-27,760.7192119,773.2647477,754.8750182,768.024454,4280739,0.340769503
2019-03-28,772.8264332,793.3298127,765.277683,785.8492448,5756676,0.458261907
2019-03-29,813.3169551,844.1742978,808.6123792,831.8138281,9093396,0.723882497
2019-04-01,837.6677621,846.3853511,828.9014716,836.6937299,6093461,0.485071778
2019-04-02,837.6580218,837.6580218,814.3494293,827.9274393,5322705,0.423715517
2019-04-03,818.3040004,829.6222555,812.5474696,822.5702618,4305680,0.342754939
2019-04-04,818.1871165,843.3171494,814.4857938,842.5379236,5577236,0.443977533
2019-04-08,876.6290534,884.4213117,867.0056145,876.8238599,6625193,0.527400462
2019-04-09,879.5511503,884.6161181,869.3335516,881.4992148,4798980,0.382024232
2019-04-10,879.5511503,927.1813288,876.6290534,923.3728626,6781438,0.539838392
2019-04-11,923.3826029,925.3306675,882.0349326,901.1746669,6110254,0.486408589
2019-04-12,885.3953439,896.0999587,876.6387937,890.2655054,4861217,0.386978627
2019-04-15,906.8240541,914.6163124,883.4472794,883.4472794,4552264,0.362384332
2019-04-16,881.4018116,915.4929414,877.8173728,915.4929414,4642344,0.369555177
2019-04-17,913.6422801,930.6975854,900.9798605,927.2787321,4076102,0.324479314
2019-04-18,920.8598593,929.8891386,911.9085027,920.9475222,1959852,0.156014602
2019-04-19,919.4475125,935.996321,907.1260041,927.8241901,3237978,0.257760203
2019-04-22,934.5839742,953.4704601,916.1845044,924.5514417,4062796,0.323420086
2019-04-23,926.3046998,955.7399553,924.5514417,949.6327729,4885205,0.388888199
2019-04-24,954.4347521,964.2919588,926.5189869,944.8113131,4522700,0.36003088
2019-04-25,943.6327341,948.6977019,926.5189869,927.639124,3980134,0.316839752
2019-04-26,921.726748,934.9541064,920.4605061,920.4605061,4327768,0.344513261
2019-04-29,920.4605061,963.3179265,910.7201833,946.7301567,5257230,0.41850336
2019-04-30,942.8632486,959.3828361,938.1002307,948.7074422,3594318,0.286126755
2019-05-06,901.4668766,910.7201833,869.8108274,882.4732471,13509968,1.075465026
2019-05-07,870.0835565,890.2070634,847.6223721,866.8887306,10083726,0.802718011
2019-05-08,837.6677621,878.3823115,837.6677621,861.4341498,8188298,0.651831901
2019-05-09,852.2782464,857.0217836,820.6221972,836.5086637,9154515,0.728747893
2019-05-10,852.9211077,887.1291214,845.6450865,883.5641633,7990738,0.636105078
2019-05-13,875.5186566,887.3239279,861.0445369,868.8367952,4663718,0.37125666
2019-05-14,862.0185692,882.4732471,850.3301818,863.5477999,5998312,0.477497413
2019-05-15,867.1224983,908.7721187,867.1224983,902.927925,6312425,0.502502472
2019-05-16,895.1356668,907.7980864,881.4992148,905.762359,4454012,0.354562952
2019-05-17,902.9474057,908.0902961,876.7264566,883.2427326,4984161,0.396765621
2019-05-20,876.6290534,876.6290534,848.3821172,861.9796079,4440799,0.353511127
2019-05-21,862.0185692,886.3693762,849.3756302,871.758892,4238565,0.337412229
2019-05-22,871.7394114,880.5251825,857.1484078,864.940666,3204158,0.255067952
2019-05-23,858.1224401,861.0250563,833.9859201,838.6417944,5805863,0.462177453
2019-05-24,842.5379236,862.0185692,841.9924655,855.6873594,4403409,0.350534685
2019-05-27,856.2717787,860.0607643,837.7164638,856.1743755,3916191,0.311749551
2019-05-28,855.1906029,883.9245552,852.297727,864.940666,7477277,0.595230863
2019-05-29,864.9504064,900.9311588,864.9504064,888.2297779,6564696,0.52258458
2019-05-30,886.3693762,896.0999587,868.07705,881.7914245,4024720,0.320389034
2019-05-31,877.1452905,883.4375391,866.8887306,866.8887306,3579380,0.284937611
2019-06-03,868.8367952,877.943997,863.2653305,868.8367952,3447924,0.274473017
2019-06-04,871.758892,872.1777259,848.3821172,852.5704561,3968948,0.315949288
2019-06-05,861.0445369,863.2458499,847.408085,848.9665366,3406736,0.271194234
2019-06-06,852.8821464,853.0282512,835.7196976,839.7424509,3478685,0.276921755
2019-06-10,835.7002169,856.1256739,818.1871165,848.4600398,5550246,0.441828986
2019-06-11,853.2522787,891.8336973,852.2782464,887.236265,8010644,0.637689701
2019-06-12,882.6875342,887.3336682,870.7848597,883.1550697,3774740,0.300489302
2019-06-13,886.3693762,888.6096505,873.7069566,886.3693762,3291742,0.262040102
2019-06-14,887.3434085,908.0902961,886.3888569,889.2914731,4245504,0.33796461
2019-06-17,883.4472794,902.8694831,882.4927277,887.9278279,3276903,0.260858839
2019-06-18,893.1876022,896.109699,879.1615373,893.1876022,2944138,0.234368982
2019-06-19,915.5903447,922.116361,907.8078267,907.8078267,5372640,0.427690607
2019-06-20,908.2851026,950.1684907,907.9928929,949.6814745,6727197,0.535520521
2019-06-21,944.7820922,958.9250409,939.4541356,950.9477165,4592675,0.365601261
2019-06-24,952.8957811,973.7303316,949.6814745,961.4672651,4577920,0.364426685
2019-06-25,966.2400233,973.0582493,941.8892163,957.4542521,5129595,0.408342938
2019-06-26,959.4217973,959.4217973,945.9996325,954.4152714,2958818,0.235537588
2019-06-27,959.4217973,975.0063139,955.6425521,970.4770637,4797845,0.38193388
2019-06-28,974.6088269,977.465468,960.1180457,972.6417973,3108840,0.247480134
2019-07-01,992.9249372,1023.646184,988.6745716,1019.949355,5233723,0.416632078
2019-07-02,1013.168539,1017.616596,1004.272425,1013.168539,3906109,0.31094697
2019-07-03,1008.226253,1011.191625,970.1706545,976.49678,6713932,0.534464556
2019-07-04,974.4210201,979.3633056,960.0093154,969.8741174,4621668,0.367909258
2019-07-05,974.6187115,994.3878537,965.0306775,988.2791888,5003271,0.398286878
2019-07-08,983.5642483,986.3813511,963.7456833,973.4918704,3361352,0.267581427
2019-07-09,967.9960488,977.5840828,957.1724435,964.7934478,3172332,0.252534434
2019-07-10,969.6072339,979.1458451,965.7225975,971.1788807,2816670,0.224221854
2019-07-11,978.5330016,986.8558105,964.7341404,970.1706545,3051419,0.242909118
2019-07-12,969.9729631,980.0552256,968.6978534,974.7076726,2817385,0.224278772
2019-07-15,956.6287921,968.7868145,940.151212,964.6649484,5987040,0.476600102
2019-07-16,964.190489,970.9614202,953.8611122,956.8264835,3324524,0.264649723
2019-07-17,956.8264835,961.7588845,951.0242402,952.3784265,2546887,0.202745698
2019-07-18,950.4015123,951.8841979,936.2468064,936.5631127,3925295,0.312474278
2019-07-19,943.976541,949.7095923,937.0573413,944.8364987,2801481,0.223012729
2019-07-22,948.9188266,952.872655,939.2813698,945.9732244,2812549,0.223893801
2019-07-23,951.192278,951.4789305,932.9651288,942.9683148,3248395,0.258589451
2019-07-24,947.2483341,948.8199809,933.7855482,935.4362716,4677120,0.372323531
2019-07-25,935.0507733,952.2400425,927.3210387,951.8841979,3825570,0.304535639
2019-07-26,950.8660871,959.7918548,947.4855638,953.8907659,2646759,0.210696038
2019-07-29,950.9253945,968.1937403,948.9287112,965.1394078,2698133,0.214785681
2019-07-30,965.2283689,971.6533402,959.7918548,967.6303197,1953797,0.155532592
2019-07-31,963.7456833,970.4375379,955.432759,961.3733862,2252620,0.179320486
2019-08-01,965.2382535,965.7225975,942.019396,948.2269066,3508952,0.279331169
2019-08-02,933.1035128,946.9221432,932.1150557,943.4328896,3971940,0.316187467
2019-08-05,934.0919699,942.9880839,929.1496844,931.5516352,3677431,0.29274299
2019-08-06,920.2535704,937.0573413,913.1366792,935.3769642,4399116,0.350192939
2019-08-07,938.5400269,944.5004233,934.0919699,934.0919699,2686998,0.213899276
2019-08-08,942.4938554,962.7572262,941.0111697,960.4640057,3880813,0.308933275
2019-08-09,967.2052832,969.6270031,947.9204849,950.9253945,2846170,0.226570211
2019-08-12,998.6481039,1008.325099,983.5247101,1006.872067,8149895,0.648774819
2019-08-13,1004.430578,1014.156996,999.013833,1006.199916,3032970,0.24144048
2019-08-14,1018.130594,1039.758035,1018.130594,1031.286958,4141095,0.329653101
2019-08-15,1016.13391,1034.400598,1016.13391,1032.838835,2723739,0.216824054
2019-08-16,1037.721813,1063.164699,1028.983853,1042.426869,3608673,0.287269489
2019-08-19,1048.752995,1057.62934,1036.940932,1043.692094,3286758,0.261643349
2019-08-20,1042.822252,1061.286631,1037.879967,1057.649109,2860213,0.227688108
2019-08-21,1057.747955,1064.538655,1049.405377,1053.69528,2506662,0.199543575
2019-08-22,1060.604596,1091.256651,1057.649109,1091.256651,3759078,0.299242524
2019-08-23,1092.245108,1120.475443,1082.97338,1117.055381,4019230,0.319952001
2019-08-26,1100.152765,1114.979621,1084.021145,1090.218771,4849789,0.386068898
2019-08-27,1104.106593,1118.251414,1096.198936,1096.198936,5216421,0.415254747
2019-08-28,1096.198936,1110.225143,1070.508936,1087.411552,4700967,0.374221878
2019-08-29,1092.245108,1105.272972,1079.889394,1100.25161,2933042,0.233485682
2019-08-30,1112.01425,1132.771849,1110.037336,1128.818021,4489077,0.357354312
2019-09-02,1126.831222,1131.763623,1115.968078,1125.61542,2823433,0.224760225
2019-09-03,1126.841107,1137.733904,1115.533157,1126.841107,2948509,0.234716937
2019-09-04,1127.631872,1129.717517,1107.180695,1112.024134,3360022,0.267475552
2019-09-05,1115.968078,1131.684546,1114.979621,1130.794935,3293084,0.262146933
2019-09-06,1131.289164,1132.920118,1117.944993,1129.302365,2617659,0.208379524
2019-09-09,1131.783392,1134.748763,1121.898821,1123.401276,2937934,0.233875111
2019-09-10,1121.206901,1121.898821,1107.081849,1110.877524,2622707,0.208781372
2019-09-11,1106.300968,1107.042311,1055.672195,1057.174649,8171654,0.65050695
2019-09-12,1053.69528,1097.167624,1053.69528,1086.314365,4121133,0.32806402
2019-09-16,1070.499051,1091.207228,1070.499051,1086.314365,3137180,0.249736148
2019-09-17,1081.372079,1093.885947,1074.45288,1081.381964,2519693,0.200580912
2019-09-18,1095.704708,1136.725678,1095.388401,1135.638375,6931447,0.551779903
2019-09-19,1134.748763,1136.725678,1123.974581,1131.783392,2447980,0.194872177
2019-09-20,1137.714135,1146.610249,1134.343496,1144.060029,3762666,0.299528148
2019-09-23,1143.644877,1143.644877,1117.944993,1135.737221,3002633,0.239025494
2019-09-24,1141.667963,1171.222831,1138.702592,1170.333219,3626913,0.28872149
2019-09-25,1166.379391,1175.147006,1156.989048,1160.448648,2402458,0.191248385
2019-09-26,1161.377798,1169.690722,1145.433985,1153.529449,2608194,0.20762606
2019-09-27,1150.564077,1169.344762,1139.691049,1161.189991,2282661,0.181711909
2019-09-30,1149.57562,1155.931399,1136.725678,1136.725678,3082514,0.245384445
2019-10-08,1139.691049,1166.379391,1138.712476,1153.628294,3104527,0.247136796
2019-10-09,1152.738683,1152.738683,1121.948244,1133.5725,3578857,0.284895977
2019-10-10,1113.991164,1145.5526,1096.218705,1141.667963,4117370,0.327764465
2019-10-11,1143.644877,1161.437105,1138.910168,1161.041723,2868925,0.228381629
2019-10-14,1172.310134,1173.950973,1156.49482,1166.379391,2718751,0.216426983
2019-10-15,1166.379391,1201.647541,1163.443673,1197.021561,4003473,0.318697661
2019-10-16,1154.517906,1173.792819,1146.610249,1156.49482,5915059,0.470870033
2019-10-17,1162.425563,1172.962515,1149.081392,1169.670953,3050870,0.242865415
2019-10-18,1165.390934,1176.254078,1158.165312,1162.217987,2829161,0.225216204
2019-10-21,1158.33335,1165.292088,1149.872157,1155.012134,2527467,0.201199763
2019-10-22,1164.402477,1167.862077,1150.455347,1157.285586,1930943,0.153713293
2019-10-23,1154.517906,1164.402477,1142.765151,1145.532831,2308021,0.183730699
2019-10-24,1151.503112,1152.540991,1133.91846,1136.992561,2617844,0.208394251
2019-10-25,1139.987586,1158.965963,1129.836132,1157.829237,2599845,0.206961436
2019-10-28,1152.550876,1167.377733,1151.552534,1164.689129,2248599,0.179000393
2019-10-29,1167.476578,1186.108995,1164.175132,1179.229333,2780371,0.221332262
2019-10-30,1176.263962,1178.932796,1162.425563,1170.135528,2125475,0.16919907
2019-10-31,1182.194705,1184.171619,1162.573831,1166.389276,2590927,0.206251515
2019-11-01,1167.367848,1178.191454,1158.965963,1171.321677,2281196,0.181595287
2019-11-04,1176.263962,1196.02322,1175.275505,1185.743266,2673798,0.212848486
2019-11-05,1185.654305,1191.090819,1178.240876,1185.160076,2225472,0.177159361
2019-11-06,1183.183162,1190.102362,1175.15689,1179.229333,1973751,0.157121036
2019-11-07,1182.698818,1188.006833,1175.275505,1187.502719,1616788,0.12870489
2019-11-08,1191.090819,1201.617887,1187.641103,1191.090819,2451211,0.195129382
2019-11-11,1187.631219,1192.276967,1179.733447,1185.160076,1734246,0.138055169
2019-11-12,1190.102362,1195.637722,1184.379195,1187.730065,1915055,0.152448524
2019-11-13,1193.067733,1213.627641,1186.148533,1209.871504,3197704,0.254554179
2019-11-14,1212.836875,1225.686818,1207.89459,1215.802247,2352112,0.187240576
2019-11-15,1215.802247,1218.678657,1207.400361,1210.761115,1634072,0.130080788
2019-11-18,1210.978576,1215.258595,1203.940761,1213.113643,1803766,0.14358933
2019-11-19,1213.825332,1227.278234,1210.87973,1218.095467,2062375,0.164175976
2019-11-20,1215.802247,1225.202474,1213.88464,1219.508961,1528053,0.121641114
2019-11-21,1216.790704,1221.248645,1206.96544,1217.087241,1918739,0.15274179
2019-11-22,1208.883047,1214.813789,1171.321677,1180.217791,4705428,0.374576997
2019-11-25,1174.336471,1180.217791,1158.531042,1168.415613,3828175,0.304743011
2019-11-26,1172.982285,1184.764693,1169.344762,1171.321677,4023961,0.320328614
2019-11-27,1179.031642,1182.807548,1170.837333,1176.214539,1984881,0.158007043
2019-11-28,1181.176594,1183.687275,1155.526132,1162.227871,2884499,0.229621402
2019-11-29,1152.046763,1152.046763,1100.044034,1115.968078,8239732,0.65592632
2019-12-02,1105.292742,1126.860876,1105.292742,1119.921907,3078441,0.245060213
2019-12-03,1119.921907,1119.921907,1104.838051,1105.09505,2734093,0.217648288
2019-12-04,1126.841107,1131.447317,1105.09505,1109.375069,3528308,0.280872009
2019-12-05,1112.01425,1118.943334,1105.09505,1116.758844,2133879,0.169868073
2019-12-06,1122.857624,1156.49482,1117.055381,1156.49482,3950626,0.314490759
2019-12-09,1161.437105,1162.425563,1142.755266,1145.325255,2182412,0.173731557
2019-12-10,1146.214866,1151.552534,1137.714135,1150.95946,1508658,0.120097169
2019-12-11,1154.517906,1157.236163,1142.211615,1145.602023,1456799,0.115968918
2019-12-12,1142.65642,1146.550941,1117.035612,1123.875735,2940916,0.234112494
2019-12-13,1132.771849,1151.552534,1132.771849,1149.57562,3000059,0.23882059
2019-12-16,1149.57562,1149.57562,1124.804885,1134.669687,3093642,0.246270293
2019-12-17,1136.429141,1160.053266,1129.836132,1156.475051,4261696,0.339253579
2019-12-18,1160.448648,1161.634797,1150.564077,1154.517906,1964009,0.156345521
2019-12-19,1149.57562,1149.57562,1138.702592,1144.04026,1955230,0.155646666
2019-12-20,1148.765085,1148.765085,1128.323792,1133.068386,2356384,0.18758065
2019-12-23,1125.852649,1149.081392,1122.887278,1136.033758,2591918,0.206330404
2019-12-24,1139.691049,1141.667963,1131.783392,1134.748763,1182310,0.09411814
2019-12-25,1129.806478,1129.806478,1116.96642,1120.613827,2430597,0.193488398
2019-12-26,1118.93345,1128.798252,1107.06208,1121.997667,2287727,0.182115189
2019-12-27,1136.725678,1158.471734,1136.725678,1149.57562,4706628,0.374672524
2019-12-30,1156.692511,1181.700476,1156.692511,1172.112442,4076066,0.324476448
2019-12-31,1169.344762,1174.287048,1162.929676,1169.344762,2258881,0.179818895
2020-01-02,1114.979621,1131.8427,1103.118136,1116.956535,14809916,1.178947774
2020-01-03,1104.106593,1104.106593,1064.469463,1066.110302,13031878,1.037406529
2020-01-06,1058.499182,1080.284777,1054.980275,1065.546881,6341478,0.504815245
2020-01-07,1065.062537,1086.314365,1063.975234,1081.895962,4785359,0.380939928
2020-01-08,1072.525388,1082.854765,1070.083899,1075.579721,2500825,0.199078919
2020-01-09,1081.372079,1092.630606,1077.418251,1089.971656,3740587,0.297770542
2020-01-10,1096.198936,1103.108251,1089.773965,1099.658536,3597587,0.286386985
2020-01-13,1099.658536,1116.16577,1099.164307,1111.292676,3851575,0.306605775
2020-01-14,1111.223484,1111.90552,1090.268193,1094.617405,3514465,0.279770033
2020-01-15,1096.208821,1108.653496,1092.245108,1099.292807,2602911,0.207205505
2020-01-16,1105.955008,1105.955008,1089.853041,1094.222022,2319165,0.184617821
2020-01-17,1097.187393,1099.935304,1088.301164,1094.71625,2347275,0.186855525
2020-01-20,1099.025923,1099.025923,1069.510594,1078.406708,3539130,0.281733498
2020-01-21,1068.522137,1074.45288,1059.92256,1062.887932,3287405,0.261694854
2020-01-22,1057.649109,1071.487508,1043.197866,1063.095507,3620004,0.288171497
2020-01-23,1063.579851,1063.579851,1025.030024,1040.647647,5346843,0.425637029
2020-02-03,973.6302544,999.013833,968.6879688,992.3318629,12344288,0.982670723
2020-02-04,1003.283968,1044.799166,999.3400238,1026.028366,6262418,0.49852165
2020-02-05,1037.879967,1041.833795,1021.105849,1037.870082,4741824,0.377474312
2020-02-06,1047.201117,1062.591394,1039.87665,1058.637566,4717121,0.375507822
2020-02-07,1057.658993,1064.568309,1048.772764,1063.579851,3127871,0.248995103
2020-02-10,1049.741452,1062.196012,1044.996858,1054.179624,3053342,0.243062199
2020-02-11,1050.729909,1086.986516,1050.532218,1085.325908,4791793,0.381452109
2020-02-12,1076.429794,1086.106789,1073.345808,1084.604334,2812543,0.223893323
2020-02-13,1085.325908,1101.032491,1075.451221,1078.406708,3035736,0.241660668
2020-02-14,1077.863057,1080.887735,1070.607782,1075.441337,2328760,0.185381633
2020-02-17,1070.004823,1083.536801,1069.905977,1081.194157,2702822,0.21515895
2020-02-18,1077.428136,1084.218836,1070.499051,1071.487508,2666496,0.212267208
2020-02-19,1072.475965,1088.785508,1065.556766,1083.843222,3705147,0.29494933
2020-02-20,1084.040914,1111.025793,1082.765804,1105.09505,4680262,0.37257365
2020-02-21,1098.630541,1110.571103,1097.197278,1100.03415,2894008,0.230378369
2020-02-24,1092.739336,1097.187393,1072.970194,1074.630802,3865036,0.307677342
2020-02-25,1065.556766,1069.599555,1055.55358,1062.403588,3838562,0.305569871
2020-02-26,1049.741452,1071.487508,1042.822252,1061.3064,4356097,0.346768399
2020-02-27,1063.579851,1082.350652,1063.579851,1074.838378,3449829,0.274624665
2020-02-28,1057.945646,1069.510594,1037.850313,1044.799166,4994657,0.397601158
2020-03-02,1037.988697,1083.892645,1037.889851,1073.474307,4766304,0.379423049
2020-03-03,1085.325908,1105.964892,1085.325908,1100.152765,5025015,0.400017816
2020-03-04,1112.01425,1125.852649,1103.355366,1115.889002,5379299,0.428220699
2020-03-05,1123.1937,1161.427221,1117.510071,1157.483277,6242645,0.496947614
2020-03-06,1149.57562,1162.425563,1138.682823,1142.162192,3064100,0.243918593
2020-03-09,1121.898821,1121.898821,1098.482272,1101.151106,4340409,0.345519551
2020-03-10,1100.152765,1154.517906,1100.152765,1142.65642,5806293,0.462211684
2020-03-11,1142.162192,1156.079668,1127.829564,1145.147332,3554757,0.28297749
2020-03-12,1128.047024,1139.691049,1112.113096,1125.358421,3663063,0.291599221
2020-03-13,1077.418251,1115.948309,1067.53368,1099.193961,7588531,0.60408727
2020-03-16,1091.236881,1095.161056,1049.741452,1054.683737,5123254,0.407838161
2020-03-17,1042.822252,1065.556766,999.4487541,1033.036527,7935912,0.631740638
2020-03-18,1027.995395,1047.764538,996.3548834,996.3548834,7345988,0.584779563
2020-03-19,982.5164838,1003.283968,949.0176723,984.5032826,10226507,0.814084135
2020-03-20,999.3301393,1030.960767,999.3301393,1023.329878,6013919,0.478739813
2020-03-23,988.457111,1023.329878,980.0749947,1007.237796,4847210,0.385863596
2020-03-24,1030.960767,1046.657466,1023.05311,1043.810709,4665096,0.371366356
2020-03-25,1075.421568,1078.762553,1061.800629,1067.632526,3704866,0.294926961
2020-03-26,1060.940671,1078.6044,1049.741452,1052.627747,3004856,0.239202457
2020-03-27,1072.475965,1079.395165,1062.601279,1063.085623,3626112,0.288657726
2020-03-30,1048.011652,1064.568309,1044.799166,1059.626023,3068741,0.244288041
2020-03-31,1069.510594,1102.129679,1069.312903,1098.17585,4798437,0.381981006
2020-04-01,1104.106593,1115.968078,1090.268193,1090.268193,3320535,0.264332178
2020-04-02,1091.256651,1131.783392,1091.138036,1131.783392,4520561,0.359860605
2020-04-03,1125.882303,1134.709225,1118.913681,1126.633531,2761761,0.219850807
2020-04-07,1148.53774,1153.03522,1135.62849,1146.560826,4348800,0.346187519
2020-04-08,1138.702592,1152.847413,1138.702592,1146.373019,2422442,0.192839217
2020-04-09,1152.540991,1155.506363,1134.709225,1145.127563,2281697,0.181635169
2020-04-10,1144.51472,1167.862077,1140.185278,1151.552534,2780434,0.221337277
2020-04-13,1151.552534,1156.475051,1135.242992,1148.8837,1598147,0.127220968
2020-04-14,1162.425563,1177.796071,1152.540991,1171.420522,3679955,0.292943914
2020-04-15,1178.240876,1190.092477,1173.397437,1175.868579,2933229,0.233500568
2020-04-16,1179.19968,1183.282008,1170.432065,1183.282008,2172774,0.172964321
2020-04-17,1196.033104,1220.309611,1191.100703,1211.848418,3824569,0.304455954
2020-04-20,1206.906133,1217.284932,1202.754613,1213.133412,2423864,0.192952416
2020-04-21,1206.925902,1209.861619,1179.229333,1186.148533,2922422,0.232640274
2020-04-22,1192.079276,1235.07716,1188.342908,1230.134875,4403473,0.35053978
2020-04-23,1235.571389,1251.070396,1233.367129,1237.805302,2689851,0.21412639
2020-04-24,1233.594475,1245.34723,1220.922454,1236.124925,1912240,0.152224435
2020-04-27,1242.490589,1263.416226,1236.520308,1261.271274,2590391,0.206208847
2020-04-28,1270.473809,1284.934937,1257.19883,1264.365144,3466190,0.275927087
2020-04-29,1263.050496,1273.231605,1243.479046,1260.183971,2344406,0.186627138
2020-04-30,1256.328988,1270.177272,1244.348888,1251.090165,2466087,0.19631359
2020-05-06,1236.559846,1284.994244,1235.571389,1284.994244,3583481,0.285264072
2020-05-07,1284.40117,1299.811216,1278.075045,1296.85573,2793474,0.22237533
2020-05-08,1301.798015,1322.555615,1293.406014,1299.435603,2907868,0.231481698
2020-05-11,1304.763387,1319.590243,1298.506453,1307.738642,2367119,0.188435213
2020-05-12,1302.786472,1319.580359,1300.809558,1317.613329,1972181,0.156996056
2020-05-13,1317.613329,1322.54573,1307.610143,1320.529277,2201431,0.17524557
2020-05-14,1314.647958,1319.471628,1309.814402,1311.277319,1857492,0.147866204
2020-05-15,1313.659501,1318.107558,1286.852544,1297.844187,2639808,0.210142702
2020-05-18,1290.924987,1335.899786,1290.065029,1330.670847,3436211,0.2735406
2020-05-19,1348.255499,1348.255499,1322.555615,1330.572002,2478746,0.197321314
2020-05-20,1330.572002,1343.491136,1321.379351,1335.405557,2118340,0.168631087
2020-05-21,1339.359385,1356.123618,1337.244087,1350.331259,2305158,0.183502789
2020-05-22,1350.232414,1350.331259,1307.610143,1312.868735,3442746,0.274060821
2020-05-25,1314.647958,1350.805719,1305.751844,1347.168197,3156100,0.25124228
2020-05-26,1354.067627,1354.136819,1339.359385,1342.324757,2247019,0.178874617
2020-05-27,1343.313214,1344.301671,1317.613329,1322.555615,2677741,0.21316237
2020-05-28,1322.525961,1331.392421,1305.880343,1328.486357,2648591,0.210841875
2020-05-29,1316.723718,1354.166473,1316.723718,1350.825488,3044435,0.242353155
2020-06-01,1365.05927,1403.707943,1365.05927,1403.114869,3547976,0.282437686
2020-06-02,1399.665154,1411.417909,1390.42308,1394.426331,2596010,0.206656149
2020-06-03,1398.666812,1401.137955,1379.658782,1383.148035,2355736,0.187529066
2020-06-04,1379.886127,1394.712984,1379.886127,1391.737728,1803741,0.14358734
2020-06-05,1389.029355,1412.386597,1384.907489,1408.551383,1834706,0.146052318
2020-06-08,1408.551383,1418.435954,1385.826754,1389.869544,2930045,0.233247105
2020-06-09,1391.747612,1408.551383,1384.512106,1400.198921,2261191,0.180002783
2020-06-10,1408.551383,1416.785231,1400.643726,1407.226851,2270074,0.180709917
2020-06-11,1394.722868,1401.622299,1380.8647,1384.294646,3071171,0.244481482
2020-06-12,1371.158051,1400.020998,1367.342606,1400.020998,2842742,0.226297324
2020-06-15,1385.81687,1395.306058,1365.05927,1367.036185,3461541,0.275557002
2020-06-16,1382.35727,1397.678355,1377.049255,1387.675169,2920664,0.232500328
2020-06-17,1395.563057,1395.602595,1378.917439,1388.782241,1945307,0.154856743
2020-06-18,1388.683395,1396.887589,1383.938801,1396.689898,2101041,0.167253995
2020-06-19,1403.609098,1428.518217,1398.765658,1423.220087,3895833,0.310128946
2020-06-22,1418.5348,1427.223338,1416.656732,1422.389783,2324700,0.185058436
2020-06-23,1418.435954,1464.893439,1416.973038,1457.48001,3393426,0.270134687
2020-06-24,1463.6,1465.71,1445,1460.01,2513899,0.200119679
2020-06-29,1448,1466,1437.01,1463.17,2808061,0.223536532
2020-06-30,1463.12,1468.98,1455.12,1462.88,2244614,0.178683166
2020-07-01,1468,1506.1,1464.02,1494.27,3868249,0.307933114
2020-07-02,1499,1550.9,1495,1544,4588372,0.36525872
2020-07-03,1550,1552.5,1516.88,1541.79,3512581,0.279620057
2020-07-06,1538,1616,1531.81,1600,5182196,0.412530256
2020-07-07,1603.09,1744.82,1601,1688,6666393,0.5306802
2020-07-08,1680,1719,1660,1681.34,5316998,0.423261209
2020-07-09,1691,1712,1682,1706,3503324,0.27888315
2020-07-10,1689,1736.6,1688.94,1713.85,3710044,0.295339158
2020-07-13,1714.68,1787,1714.68,1781.99,6072716,0.483420366
2020-07-14,1781.99,1782.03,1748.4,1762,4609351,0.366928759
2020-07-15,1744.88,1782.6,1744.71,1752.53,4071294,0.324096571
2020-07-16,1729.91,1729.91,1600,1614,10224219,0.813901999
2020-07-17,1620,1672.59,1620,1648.05,6590206,0.524615311
2020-07-20,1652.5,1663.99,1588.88,1636.96,4528033,0.360455416
2020-07-21,1646.64,1702.8,1630.99,1668,4196950,0.334099455
2020-07-22,1658,1710,1658,1678.08,3920121,0.3120624
2020-07-23,1672,1691,1650,1676,3432052,0.273209522
2020-07-24,1654.85,1666,1585,1595.3,7875201,0.626907721
2020-07-27,1616.01,1629.8,1600,1622.55,3878817,0.308774383
2020-07-28,1630,1680,1630,1670,5491152,0.43712479
2020-07-29,1690,1690,1633,1672,5074843,0.403984388
2020-07-30,1671.2,1700.59,1670.5,1680,3837304,0.305469728
2020-07-31,1685,1705,1646,1678.18,4068474,0.323872084
2020-08-03,1686.88,1696.58,1660,1668,3466114,0.275921037
2020-08-04,1675,1682.99,1660,1669.99,3194051,0.254263381
2020-08-05,1662.09,1673.09,1643.31,1668,2552169,0.203166173
2020-08-06,1670,1674.03,1630,1637.96,3264878,0.259901586
2020-08-07,1644.77,1649.67,1598.5,1631,3424205,0.272584859
2020-08-10,1627.97,1644.96,1608.11,1633.99,2362354,0.188055894
2020-08-11,1640,1666.43,1640,1642.51,3581818,0.285131689
2020-08-12,1633,1641,1605.25,1626.95,2793392,0.222368802
2020-08-13,1630,1638.88,1609,1635,2054134,0.163519949
2020-08-14,1639.9,1665.7,1631,1661,3765318,0.299739261
2020-08-17,1674,1704.35,1670,1690,4357201,0.346856283
2020-08-18,1697.38,1720,1691,1705,3042281,0.242181685
2020-08-19,1700,1717,1682.99,1687,2691498,0.2142575
2020-08-20,1674,1679,1656,1664,2238233,0.178175205
2020-08-21,1673,1698,1671,1676,2508241,0.199669272
2020-08-24,1700,1708,1691.01,1696.35,3093344,0.24624657
2020-08-25,1704.8,1746.78,1698.63,1727,4187249,0.333327204
2020-08-26,1734,1745,1715.02,1727,2621573,0.208691099
2020-08-27,1731.99,1733.98,1705,1731,2263553,0.180190811
2020-08-28,1731,1764,1721.5,1757,4229962,0.336727385
2020-08-31,1770.58,1816,1770.58,1786.5,4781036,0.380595795
2020-09-01,1792,1802,1775.01,1801.98,3163992,0.251870525
2020-09-02,1825,1828,1770,1795,3200929,0.254810906
2020-09-03,1795,1812,1779.7,1793,3043735,0.242297431
2020-09-04,1766,1776.99,1746,1770,3085796,0.24564571
2020-09-07,1760,1777.99,1703.97,1723.5,3111202,0.247668162
2020-09-08,1732,1737.8,1677.07,1711.4,3447238,0.274418408
2020-09-09,1699.67,1711,1680.04,1688,2596355,0.206683613
2020-09-10,1703.74,1720,1700,1705.8,2477833,0.197248634
2020-09-11,1688,1736,1688,1733,3108800,0.24747695
2020-09-14,1745,1769,1730.58,1766,3105601,0.247222293
2020-09-15,1769.99,1769.99,1747.75,1760,2082087,0.165745156
2020-09-16,1760,1764.81,1719,1725.1,2251598,0.179239129
2020-09-17,1700,1700,1658,1670.52,6367985,0.506925342
2020-09-18,1665,1695,1635.01,1695,4720140,0.37574815
2020-09-21,1692.76,1692.76,1666.66,1666.8,2244407,0.178666688
2020-09-22,1650,1686.98,1650,1665.69,2326547,0.185205467
2020-09-23,1635,1666.01,1621.02,1649.98,3572552,0.284394066
2020-09-24,1635.97,1658.88,1626.8,1629.32,3005078,0.239220129
2020-09-25,1630,1650,1625,1635.11,2258296,0.179772326
2020-09-28,1635.19,1668.5,1635.19,1661,2423222,0.192901309
2020-09-29,1669.33,1669.4,1652.3,1652.3,1743078,0.138758243
2020-09-30,1660,1691.9,1660,1668.5,2708781,0.215633318
2020-10-09,1692,1706.42,1688,1696,3423988,0.272567584
2020-10-12,1700,1750.61,1700,1750.61,4372904,0.348106325
2020-10-13,1750.62,1750.62,1735,1739,2294389,0.18264552
2020-10-14,1740,1746.98,1726,1729,2048139,0.163042715
2020-10-15,1721.13,1735,1721,1725,1620436,0.12899529
2020-10-16,1725,1734.58,1703,1712,1737738,0.138333151
2020-10-19,1725,1733.98,1691.9,1699,1922632,0.153051693
2020-10-20,1699.99,1734.97,1695,1734,2773493,0.220784736
2020-10-21,1734.1,1742.15,1723,1733.33,1890137,0.150464919
2020-10-22,1730,1745,1715.51,1742.5,2248087,0.178959635
2020-10-23,1740.78,1747.59,1714,1715.33,1929169,0.153572073
2020-10-26,1619,1662.92,1600,1643,6601529,0.525516682
2020-10-27,1643,1644,1616.12,1625,4394440,0.349820705
2020-10-28,1626,1677,1625.08,1664.81,3463653,0.275725129
2020-10-29,1654.84,1708,1647,1676,3937376,0.313435989
2020-10-30,1678,1696,1665,1670.02,2605545,0.207415186
